-- phpMyAdmin SQL Dump
-- version 4.9.1
-- https://www.phpmyadmin.net/
--
-- 主机： localhost
-- 生成日期： 2023-03-07 18:06:07
-- 服务器版本： 8.0.13
-- PHP 版本： 7.3.11

SET SQL_MODE = "NO_AUTO_VALUE_ON_ZERO";
SET AUTOCOMMIT = 0;
START TRANSACTION;
SET time_zone = "+00:00";


/*!40101 SET @OLD_CHARACTER_SET_CLIENT=@@CHARACTER_SET_CLIENT */;
/*!40101 SET @OLD_CHARACTER_SET_RESULTS=@@CHARACTER_SET_RESULTS */;
/*!40101 SET @OLD_COLLATION_CONNECTION=@@COLLATION_CONNECTION */;
/*!40101 SET NAMES utf8mb4 */;

--
-- 数据库： `wxldb`
--

-- --------------------------------------------------------

--
-- 表的结构 `blog_access`
--

CREATE TABLE `blog_access` (
  `id` int(10) NOT NULL,
  `access_date` date NOT NULL,
  `access_date_time` int(11) DEFAULT '0',
  `access_count` int(10) NOT NULL DEFAULT '0',
  `access_user_id` int(10) DEFAULT '0',
  `ip` varchar(20) DEFAULT NULL,
  `os` varchar(20) DEFAULT NULL,
  `browser` varchar(20) DEFAULT NULL
) ENGINE=InnoDB DEFAULT CHARSET=utf8;

--
-- 转存表中的数据 `blog_access`
--

INSERT INTO `blog_access` (`id`, `access_date`, `access_date_time`, `access_count`, `access_user_id`, `ip`, `os`, `browser`) VALUES
(1, '2020-07-02', 0, 72, 0, NULL, NULL, NULL),
(2, '2020-07-03', 0, 54, 0, NULL, NULL, NULL),
(3, '2020-07-04', 0, 13, 0, NULL, NULL, NULL),
(4, '2020-07-06', 0, 17, 0, NULL, NULL, NULL),
(5, '2020-07-07', 0, 9, 0, NULL, NULL, NULL),
(6, '2020-07-10', 0, 36, 0, NULL, NULL, NULL),
(7, '2020-07-14', 0, 88, 0, NULL, NULL, NULL),
(8, '2020-07-16', 0, 106, 0, NULL, NULL, NULL),
(9, '2020-07-17', 0, 86, 0, NULL, NULL, NULL),
(10, '2020-07-20', 0, 54, 0, NULL, NULL, NULL),
(11, '2020-07-21', 0, 9, 0, NULL, NULL, NULL),
(12, '2020-07-22', 0, 10, 0, NULL, NULL, NULL),
(13, '2020-07-24', 0, 3, 0, NULL, NULL, NULL),
(14, '2020-07-28', 0, 2, 0, NULL, NULL, NULL),
(15, '2020-07-29', 0, 1, 0, NULL, NULL, NULL),
(16, '2020-08-06', 0, 1, 0, NULL, NULL, NULL),
(17, '2020-08-07', 0, 22, 0, NULL, NULL, NULL),
(18, '2020-08-10', 0, 824, 0, NULL, NULL, NULL),
(19, '2020-08-11', 0, 2214, 0, NULL, NULL, NULL),
(20, '2020-08-12', 0, 2205, 0, NULL, NULL, NULL),
(21, '2020-08-13', 0, 2262, 0, NULL, NULL, NULL),
(22, '2020-08-14', 0, 2330, 0, NULL, NULL, NULL),
(23, '2020-08-15', 0, 2525, 0, NULL, NULL, NULL),
(24, '2020-08-16', 0, 2606, 0, NULL, NULL, NULL),
(25, '2020-08-17', 0, 2553, 0, NULL, NULL, NULL),
(26, '2020-08-18', 0, 2551, 0, NULL, NULL, NULL),
(27, '2020-08-19', 0, 2571, 0, NULL, NULL, NULL),
(28, '2020-08-20', 0, 2492, 0, NULL, NULL, NULL),
(29, '2020-08-21', 0, 2513, 0, NULL, NULL, NULL),
(30, '2020-08-22', 0, 2504, 0, NULL, NULL, NULL),
(31, '2020-08-23', 0, 2480, 0, NULL, NULL, NULL),
(32, '2020-08-24', 0, 2484, 0, NULL, NULL, NULL),
(33, '2020-08-25', 0, 2504, 0, NULL, NULL, NULL),
(34, '2020-08-26', 0, 2341, 0, NULL, NULL, NULL),
(35, '2020-08-27', 0, 2258, 0, NULL, NULL, NULL),
(36, '2020-08-28', 0, 2268, 0, NULL, NULL, NULL),
(37, '2020-08-29', 0, 2252, 0, NULL, NULL, NULL),
(38, '2020-08-30', 0, 2247, 0, NULL, NULL, NULL),
(39, '2020-08-31', 0, 2253, 0, NULL, NULL, NULL),
(40, '2020-09-01', 0, 2277, 0, NULL, NULL, NULL),
(41, '2020-09-02', 0, 2293, 0, NULL, NULL, NULL),
(42, '2020-09-03', 0, 2271, 0, NULL, NULL, NULL),
(43, '2020-09-04', 0, 2223, 0, NULL, NULL, NULL),
(44, '2020-09-05', 0, 2189, 0, NULL, NULL, NULL),
(45, '2020-09-06', 0, 2137, 0, NULL, NULL, NULL),
(46, '2020-09-07', 0, 2058, 0, NULL, NULL, NULL),
(47, '2020-09-08', 0, 2267, 0, NULL, NULL, NULL),
(48, '2020-09-09', 0, 2241, 0, NULL, NULL, NULL),
(49, '2020-09-10', 0, 2249, 0, NULL, NULL, NULL),
(50, '2020-09-11', 0, 2209, 0, NULL, NULL, NULL),
(51, '2020-09-12', 0, 2049, 0, NULL, NULL, NULL),
(52, '2020-09-13', 0, 2047, 0, NULL, NULL, NULL),
(53, '2020-09-14', 0, 1988, 0, NULL, NULL, NULL),
(54, '2020-09-15', 0, 2027, 0, NULL, NULL, NULL),
(55, '2020-09-16', 0, 2253, 0, NULL, NULL, NULL),
(56, '2020-09-17', 0, 2393, 0, NULL, NULL, NULL),
(57, '2020-09-18', 0, 2781, 0, NULL, NULL, NULL),
(58, '2020-09-19', 0, 2746, 0, NULL, NULL, NULL),
(59, '2020-09-20', 0, 2777, 0, NULL, NULL, NULL),
(60, '2020-09-21', 0, 2787, 0, NULL, NULL, NULL),
(61, '2020-09-22', 0, 2785, 0, NULL, NULL, NULL),
(62, '2020-09-23', 0, 2792, 0, NULL, NULL, NULL),
(63, '2020-09-24', 0, 2781, 0, NULL, NULL, NULL),
(64, '2020-09-25', 0, 2796, 0, NULL, NULL, NULL),
(65, '2020-09-26', 0, 2738, 0, NULL, NULL, NULL),
(66, '2020-09-27', 0, 2785, 0, NULL, NULL, NULL),
(67, '2020-09-28', 0, 2769, 0, NULL, NULL, NULL),
(68, '2020-09-29', 0, 2758, 0, NULL, NULL, NULL),
(69, '2020-09-30', 0, 2819, 0, NULL, NULL, NULL),
(70, '2020-10-01', 0, 2748, 0, NULL, NULL, NULL),
(71, '2020-10-02', 0, 2794, 0, NULL, NULL, NULL),
(72, '2020-10-03', 0, 2738, 0, NULL, NULL, NULL),
(73, '2020-10-04', 0, 2804, 0, NULL, NULL, NULL),
(74, '2020-10-05', 0, 2793, 0, NULL, NULL, NULL),
(75, '2020-10-06', 0, 2745, 0, NULL, NULL, NULL),
(76, '2020-10-07', 0, 2754, 0, NULL, NULL, NULL),
(77, '2020-10-08', 0, 2787, 0, NULL, NULL, NULL),
(78, '2020-10-09', 0, 2761, 0, NULL, NULL, NULL),
(79, '2020-10-10', 0, 2782, 0, NULL, NULL, NULL),
(80, '2020-10-11', 0, 2728, 0, NULL, NULL, NULL),
(81, '2020-10-12', 0, 2788, 0, NULL, NULL, NULL),
(82, '2020-10-13', 0, 2800, 0, NULL, NULL, NULL),
(83, '2020-10-14', 0, 2780, 0, NULL, NULL, NULL),
(84, '2020-10-15', 0, 2766, 0, NULL, NULL, NULL),
(85, '2020-10-16', 0, 2826, 0, NULL, NULL, NULL),
(86, '2020-10-17', 0, 2743, 0, NULL, NULL, NULL),
(87, '2020-10-18', 0, 2749, 0, NULL, NULL, NULL),
(88, '2020-10-19', 0, 2839, 0, NULL, NULL, NULL),
(89, '2020-10-20', 0, 2792, 0, NULL, NULL, NULL),
(90, '2020-10-21', 0, 2807, 0, NULL, NULL, NULL),
(91, '2020-10-22', 0, 2757, 0, NULL, NULL, NULL),
(92, '2020-10-23', 0, 2720, 0, NULL, NULL, NULL),
(93, '2020-10-24', 0, 2510, 0, NULL, NULL, NULL),
(94, '2020-10-25', 0, 2239, 0, NULL, NULL, NULL),
(95, '2020-10-26', 0, 2119, 0, NULL, NULL, NULL),
(96, '2020-10-27', 0, 2030, 0, NULL, NULL, NULL),
(97, '2020-10-28', 0, 2082, 0, NULL, NULL, NULL),
(98, '2020-10-29', 0, 2329, 0, NULL, NULL, NULL),
(99, '2020-10-30', 0, 2315, 0, NULL, NULL, NULL),
(100, '2020-10-31', 0, 2343, 0, NULL, NULL, NULL),
(101, '2020-11-01', 0, 2280, 0, NULL, NULL, NULL),
(102, '2020-11-02', 0, 2278, 0, NULL, NULL, NULL),
(103, '2020-11-03', 0, 2392, 0, NULL, NULL, NULL),
(104, '2020-11-04', 0, 2312, 0, NULL, NULL, NULL),
(105, '2020-11-05', 0, 2270, 0, NULL, NULL, NULL),
(106, '2020-11-06', 0, 2292, 0, NULL, NULL, NULL),
(107, '2020-11-07', 0, 2108, 0, NULL, NULL, NULL),
(108, '2020-11-08', 0, 2071, 0, NULL, NULL, NULL),
(109, '2020-11-09', 0, 2376, 0, NULL, NULL, NULL),
(110, '2020-11-10', 0, 2176, 0, NULL, NULL, NULL),
(111, '2020-11-11', 0, 2058, 0, NULL, NULL, NULL),
(112, '2020-11-12', 0, 2010, 0, NULL, NULL, NULL),
(113, '2020-11-13', 0, 2603, 0, NULL, NULL, NULL),
(114, '2020-11-14', 0, 2841, 0, NULL, NULL, NULL),
(115, '2020-11-15', 0, 2832, 0, NULL, NULL, NULL),
(116, '2020-11-16', 0, 2853, 0, NULL, NULL, NULL),
(117, '2020-11-17', 0, 2816, 0, NULL, NULL, NULL),
(118, '2020-11-18', 0, 2846, 0, NULL, NULL, NULL),
(119, '2020-11-19', 0, 2873, 0, NULL, NULL, NULL),
(120, '2020-11-20', 0, 2833, 0, NULL, NULL, NULL),
(121, '2020-11-21', 0, 2837, 0, NULL, NULL, NULL),
(122, '2020-11-22', 0, 2837, 0, NULL, NULL, NULL),
(123, '2020-11-23', 0, 2867, 0, NULL, NULL, NULL),
(124, '2020-11-24', 0, 2901, 0, NULL, NULL, NULL),
(125, '2020-11-25', 0, 2849, 0, NULL, NULL, NULL),
(126, '2020-11-26', 0, 2847, 0, NULL, NULL, NULL),
(127, '2020-11-27', 0, 2801, 0, NULL, NULL, NULL),
(128, '2020-11-28', 0, 2776, 0, NULL, NULL, NULL),
(129, '2020-11-29', 0, 2600, 0, NULL, NULL, NULL),
(130, '2020-11-30', 0, 2648, 0, NULL, NULL, NULL),
(131, '2020-12-01', 0, 2572, 0, NULL, NULL, NULL),
(132, '2020-12-02', 0, 2527, 0, NULL, NULL, NULL),
(133, '2020-12-03', 0, 2378, 0, NULL, NULL, NULL),
(134, '2020-12-04', 0, 2622, 0, NULL, NULL, NULL),
(135, '2020-12-05', 0, 2517, 0, NULL, NULL, NULL),
(136, '2020-12-06', 0, 2522, 0, NULL, NULL, NULL),
(137, '2020-12-07', 0, 2483, 0, NULL, NULL, NULL),
(138, '2020-12-08', 0, 2393, 0, NULL, NULL, NULL),
(139, '2020-12-09', 0, 2400, 0, NULL, NULL, NULL),
(140, '2020-12-10', 0, 2399, 0, NULL, NULL, NULL),
(141, '2020-12-11', 0, 2390, 0, NULL, NULL, NULL),
(142, '2020-12-12', 0, 2391, 0, NULL, NULL, NULL),
(143, '2020-12-13', 0, 2404, 0, NULL, NULL, NULL),
(144, '2020-12-14', 0, 2400, 0, NULL, NULL, NULL),
(145, '2020-12-15', 0, 2368, 0, NULL, NULL, NULL),
(146, '2020-12-16', 0, 2380, 0, NULL, NULL, NULL),
(147, '2020-12-17', 0, 2367, 0, NULL, NULL, NULL),
(148, '2020-12-18', 0, 2388, 0, NULL, NULL, NULL),
(149, '2020-12-19', 0, 2391, 0, NULL, NULL, NULL),
(150, '2020-12-20', 0, 2376, 0, NULL, NULL, NULL),
(151, '2020-12-21', 0, 2364, 0, NULL, NULL, NULL),
(152, '2020-12-22', 0, 2400, 0, NULL, NULL, NULL),
(153, '2020-12-23', 0, 2390, 0, NULL, NULL, NULL),
(154, '2020-12-24', 0, 2357, 0, NULL, NULL, NULL),
(155, '2020-12-25', 0, 2402, 0, NULL, NULL, NULL),
(156, '2020-12-26', 0, 2402, 0, NULL, NULL, NULL),
(157, '2020-12-27', 0, 2379, 0, NULL, NULL, NULL),
(158, '2020-12-28', 0, 2388, 0, NULL, NULL, NULL),
(159, '2020-12-29', 0, 2314, 0, NULL, NULL, NULL),
(160, '2020-12-30', 0, 2355, 0, NULL, NULL, NULL),
(161, '2020-12-31', 0, 2374, 0, NULL, NULL, NULL),
(162, '2021-01-01', 0, 2257, 0, NULL, NULL, NULL),
(163, '2021-01-02', 0, 2188, 0, NULL, NULL, NULL),
(164, '2021-01-03', 0, 2149, 0, NULL, NULL, NULL),
(165, '2021-01-04', 0, 2196, 0, NULL, NULL, NULL),
(166, '2021-01-05', 0, 2091, 0, NULL, NULL, NULL),
(167, '2021-01-06', 0, 2096, 0, NULL, NULL, NULL),
(168, '2021-01-07', 0, 2040, 0, NULL, NULL, NULL),
(169, '2021-01-08', 0, 1795, 0, NULL, NULL, NULL),
(170, '2021-01-09', 0, 1927, 0, NULL, NULL, NULL),
(171, '2021-01-10', 0, 2166, 0, NULL, NULL, NULL),
(172, '2021-01-11', 0, 2379, 0, NULL, NULL, NULL),
(173, '2021-01-12', 0, 2384, 0, NULL, NULL, NULL),
(174, '2021-01-13', 0, 2474, 0, NULL, NULL, NULL),
(175, '2021-01-14', 0, 2402, 0, NULL, NULL, NULL),
(176, '2021-01-15', 0, 2411, 0, NULL, NULL, NULL),
(177, '2021-01-16', 0, 2438, 0, NULL, NULL, NULL),
(178, '2021-01-17', 0, 2415, 0, NULL, NULL, NULL),
(179, '2021-01-18', 0, 2391, 0, NULL, NULL, NULL),
(180, '2021-01-19', 0, 2424, 0, NULL, NULL, NULL),
(181, '2021-01-20', 0, 2400, 0, NULL, NULL, NULL),
(182, '2021-01-21', 0, 2363, 0, NULL, NULL, NULL),
(183, '2021-01-22', 0, 2253, 0, NULL, NULL, NULL),
(184, '2021-01-23', 0, 2149, 0, NULL, NULL, NULL),
(185, '2021-01-24', 0, 2094, 0, NULL, NULL, NULL),
(186, '2021-01-25', 0, 2076, 0, NULL, NULL, NULL),
(187, '2021-01-26', 0, 2118, 0, NULL, NULL, NULL),
(188, '2021-01-27', 0, 2090, 0, NULL, NULL, NULL),
(189, '2021-01-28', 0, 2390, 0, NULL, NULL, NULL),
(190, '2021-01-29', 0, 2435, 0, NULL, NULL, NULL),
(191, '2021-01-30', 0, 2397, 0, NULL, NULL, NULL),
(192, '2021-01-31', 0, 2360, 0, NULL, NULL, NULL),
(193, '2021-02-01', 0, 2435, 0, NULL, NULL, NULL),
(194, '2021-02-02', 0, 2428, 0, NULL, NULL, NULL),
(195, '2021-02-03', 0, 2394, 0, NULL, NULL, NULL),
(196, '2021-02-04', 0, 2387, 0, NULL, NULL, NULL),
(197, '2021-02-05', 0, 2368, 0, NULL, NULL, NULL),
(198, '2021-02-06', 0, 2364, 0, NULL, NULL, NULL),
(199, '2021-02-07', 0, 2377, 0, NULL, NULL, NULL),
(200, '2021-02-08', 0, 2370, 0, NULL, NULL, NULL),
(201, '2021-02-09', 0, 2372, 0, NULL, NULL, NULL),
(202, '2021-02-10', 0, 2428, 0, NULL, NULL, NULL),
(203, '2021-02-11', 0, 2391, 0, NULL, NULL, NULL),
(204, '2021-02-12', 0, 2365, 0, NULL, NULL, NULL),
(205, '2021-02-13', 0, 2420, 0, NULL, NULL, NULL),
(206, '2021-02-14', 0, 2348, 0, NULL, NULL, NULL),
(207, '2021-02-15', 0, 2350, 0, NULL, NULL, NULL),
(208, '2021-02-16', 0, 2380, 0, NULL, NULL, NULL),
(209, '2021-02-17', 0, 2324, 0, NULL, NULL, NULL),
(210, '2021-02-18', 0, 2322, 0, NULL, NULL, NULL),
(211, '2021-02-19', 0, 2247, 0, NULL, NULL, NULL),
(212, '2021-02-20', 0, 2214, 0, NULL, NULL, NULL),
(213, '2021-02-21', 0, 2133, 0, NULL, NULL, NULL),
(214, '2021-02-22', 0, 2128, 0, NULL, NULL, NULL),
(215, '2021-02-23', 0, 2092, 0, NULL, NULL, NULL),
(216, '2021-02-24', 0, 2199, 0, NULL, NULL, NULL),
(217, '2021-02-25', 0, 2400, 0, NULL, NULL, NULL),
(218, '2021-02-26', 0, 2651, 0, NULL, NULL, NULL),
(219, '2021-02-27', 0, 2668, 0, NULL, NULL, NULL),
(220, '2021-02-28', 0, 2657, 0, NULL, NULL, NULL),
(221, '2021-03-01', 0, 2675, 0, NULL, NULL, NULL),
(222, '2021-03-02', 0, 2640, 0, NULL, NULL, NULL),
(223, '2021-03-03', 0, 2661, 0, NULL, NULL, NULL),
(224, '2021-03-04', 0, 2705, 0, NULL, NULL, NULL),
(225, '2021-03-05', 0, 2638, 0, NULL, NULL, NULL),
(226, '2021-03-06', 0, 2666, 0, NULL, NULL, NULL),
(227, '2021-03-07', 0, 2692, 0, NULL, NULL, NULL),
(228, '2021-03-08', 0, 2643, 0, NULL, NULL, NULL),
(229, '2021-03-09', 0, 2651, 0, NULL, NULL, NULL),
(230, '2021-03-10', 0, 2613, 0, NULL, NULL, NULL),
(231, '2021-03-11', 0, 2371, 0, NULL, NULL, NULL),
(232, '2021-03-12', 0, 2365, 0, NULL, NULL, NULL),
(233, '2021-03-13', 0, 2444, 0, NULL, NULL, NULL),
(234, '2021-03-14', 0, 2362, 0, NULL, NULL, NULL),
(235, '2021-03-15', 0, 2359, 0, NULL, NULL, NULL),
(236, '2021-03-16', 0, 2419, 0, NULL, NULL, NULL),
(237, '2021-03-17', 0, 2347, 0, NULL, NULL, NULL),
(238, '2021-03-18', 0, 2354, 0, NULL, NULL, NULL),
(239, '2021-03-19', 0, 2404, 0, NULL, NULL, NULL),
(240, '2021-03-20', 0, 2371, 0, NULL, NULL, NULL),
(241, '2021-03-21', 0, 2253, 0, NULL, NULL, NULL),
(242, '2021-03-22', 0, 2113, 0, NULL, NULL, NULL),
(243, '2021-03-23', 0, 2071, 0, NULL, NULL, NULL),
(244, '2021-03-24', 0, 2109, 0, NULL, NULL, NULL),
(245, '2021-03-25', 0, 2169, 0, NULL, NULL, NULL),
(246, '2021-03-26', 0, 2088, 0, NULL, NULL, NULL),
(247, '2021-03-27', 0, 2105, 0, NULL, NULL, NULL),
(248, '2021-03-28', 0, 2096, 0, NULL, NULL, NULL),
(249, '2021-03-29', 0, 2012, 0, NULL, NULL, NULL),
(250, '2021-03-30', 0, 2280, 0, NULL, NULL, NULL),
(251, '2021-03-31', 0, 2366, 0, NULL, NULL, NULL),
(252, '2021-04-01', 0, 2355, 0, NULL, NULL, NULL),
(253, '2021-04-02', 0, 2326, 0, NULL, NULL, NULL),
(254, '2021-04-03', 0, 2340, 0, NULL, NULL, NULL),
(255, '2021-04-04', 0, 2197, 0, NULL, NULL, NULL),
(256, '2021-04-05', 0, 2113, 0, NULL, NULL, NULL),
(257, '2021-04-06', 0, 2110, 0, NULL, NULL, NULL),
(258, '2021-04-07', 0, 2116, 0, NULL, NULL, NULL),
(259, '2021-04-08', 0, 2114, 0, NULL, NULL, NULL),
(260, '2021-04-09', 0, 2122, 0, NULL, NULL, NULL),
(261, '2021-04-10', 0, 2104, 0, NULL, NULL, NULL),
(262, '2021-04-11', 0, 2078, 0, NULL, NULL, NULL),
(263, '2021-04-12', 0, 2031, 0, NULL, NULL, NULL),
(264, '2021-04-13', 0, 1868, 0, NULL, NULL, NULL),
(265, '2021-04-14', 0, 2067, 0, NULL, NULL, NULL),
(266, '2021-04-15', 0, 2343, 0, NULL, NULL, NULL),
(267, '2021-04-16', 0, 1881, 0, NULL, NULL, NULL),
(268, '2021-04-17', 0, 2149, 0, NULL, NULL, NULL),
(269, '2021-04-18', 0, 2375, 0, NULL, NULL, NULL),
(270, '2021-04-19', 0, 2388, 0, NULL, NULL, NULL),
(271, '2021-04-20', 0, 2386, 0, NULL, NULL, NULL),
(272, '2021-04-21', 0, 2366, 0, NULL, NULL, NULL),
(273, '2021-04-22', 0, 2383, 0, NULL, NULL, NULL),
(274, '2021-04-23', 0, 2387, 0, NULL, NULL, NULL),
(275, '2021-04-24', 0, 2353, 0, NULL, NULL, NULL),
(276, '2021-04-25', 0, 2415, 0, NULL, NULL, NULL),
(277, '2021-04-26', 0, 2357, 0, NULL, NULL, NULL),
(278, '2021-04-27', 0, 2414, 0, NULL, NULL, NULL),
(279, '2021-04-28', 0, 2388, 0, NULL, NULL, NULL),
(280, '2021-04-29', 0, 2371, 0, NULL, NULL, NULL),
(281, '2021-04-30', 0, 2368, 0, NULL, NULL, NULL),
(282, '2021-05-01', 0, 2390, 0, NULL, NULL, NULL),
(283, '2021-05-02', 0, 2373, 0, NULL, NULL, NULL),
(284, '2021-05-03', 0, 2380, 0, NULL, NULL, NULL),
(285, '2021-05-04', 0, 2408, 0, NULL, NULL, NULL),
(286, '2021-05-05', 0, 2371, 0, NULL, NULL, NULL),
(287, '2021-05-06', 0, 2375, 0, NULL, NULL, NULL),
(288, '2021-05-07', 0, 2373, 0, NULL, NULL, NULL),
(289, '2021-05-08', 0, 2395, 0, NULL, NULL, NULL),
(290, '2021-05-09', 0, 2361, 0, NULL, NULL, NULL),
(291, '2021-05-10', 0, 2367, 0, NULL, NULL, NULL),
(292, '2021-05-11', 0, 2389, 0, NULL, NULL, NULL),
(293, '2021-05-12', 0, 2360, 0, NULL, NULL, NULL),
(294, '2021-05-13', 0, 2379, 0, NULL, NULL, NULL),
(295, '2021-05-14', 0, 2399, 0, NULL, NULL, NULL),
(296, '2021-05-15', 0, 2374, 0, NULL, NULL, NULL),
(297, '2021-05-16', 0, 2389, 0, NULL, NULL, NULL),
(298, '2021-05-17', 0, 2392, 0, NULL, NULL, NULL),
(299, '2021-05-18', 0, 2374, 0, NULL, NULL, NULL),
(300, '2021-05-19', 0, 2385, 0, NULL, NULL, NULL),
(301, '2021-05-20', 0, 2390, 0, NULL, NULL, NULL),
(302, '2021-05-21', 0, 2391, 0, NULL, NULL, NULL),
(303, '2021-05-22', 0, 2398, 0, NULL, NULL, NULL),
(304, '2021-05-23', 0, 2366, 0, NULL, NULL, NULL),
(305, '2021-05-24', 0, 2397, 0, NULL, NULL, NULL),
(306, '2021-05-25', 0, 2386, 0, NULL, NULL, NULL),
(307, '2021-05-26', 0, 2342, 0, NULL, NULL, NULL),
(308, '2021-05-27', 0, 2130, 0, NULL, NULL, NULL),
(309, '2021-05-28', 0, 2400, 0, NULL, NULL, NULL),
(310, '2021-05-29', 0, 2475, 0, NULL, NULL, NULL),
(311, '2021-05-30', 0, 2363, 0, NULL, NULL, NULL),
(312, '2021-05-31', 0, 2470, 0, NULL, NULL, NULL),
(313, '2021-06-01', 0, 2448, 0, NULL, NULL, NULL),
(314, '2021-06-02', 0, 2388, 0, NULL, NULL, NULL),
(315, '2021-06-03', 0, 2410, 0, NULL, NULL, NULL),
(316, '2021-06-04', 0, 2444, 0, NULL, NULL, NULL),
(317, '2021-06-05', 0, 2370, 0, NULL, NULL, NULL),
(318, '2021-06-06', 0, 2374, 0, NULL, NULL, NULL),
(319, '2021-06-07', 0, 2373, 0, NULL, NULL, NULL),
(320, '2021-06-08', 0, 2398, 0, NULL, NULL, NULL),
(321, '2021-06-09', 0, 2367, 0, NULL, NULL, NULL),
(322, '2021-06-10', 0, 2413, 0, NULL, NULL, NULL),
(323, '2021-06-11', 0, 2461, 0, NULL, NULL, NULL),
(324, '2021-06-12', 0, 2373, 0, NULL, NULL, NULL),
(325, '2021-06-13', 0, 2391, 0, NULL, NULL, NULL),
(326, '2021-06-14', 0, 2387, 0, NULL, NULL, NULL),
(327, '2021-06-15', 0, 2401, 0, NULL, NULL, NULL),
(328, '2021-06-16', 0, 2429, 0, NULL, NULL, NULL),
(329, '2021-06-17', 0, 2432, 0, NULL, NULL, NULL),
(330, '2021-06-18', 0, 2386, 0, NULL, NULL, NULL),
(331, '2021-06-19', 0, 2400, 0, NULL, NULL, NULL),
(332, '2021-06-20', 0, 2396, 0, NULL, NULL, NULL),
(333, '2021-06-21', 0, 2349, 0, NULL, NULL, NULL),
(334, '2021-06-22', 0, 2071, 0, NULL, NULL, NULL),
(335, '2021-06-23', 0, 1854, 0, NULL, NULL, NULL),
(336, '2021-06-24', 0, 1783, 0, NULL, NULL, NULL),
(337, '2021-06-25', 0, 1870, 0, NULL, NULL, NULL),
(338, '2021-06-26', 0, 1815, 0, NULL, NULL, NULL),
(339, '2021-06-27', 0, 1894, 0, NULL, NULL, NULL),
(340, '2021-06-28', 0, 1901, 0, NULL, NULL, NULL),
(341, '2021-06-29', 0, 1874, 0, NULL, NULL, NULL),
(342, '2021-06-30', 0, 2118, 0, NULL, NULL, NULL),
(343, '2021-07-01', 0, 2128, 0, NULL, NULL, NULL),
(344, '2021-07-02', 0, 2159, 0, NULL, NULL, NULL),
(345, '2021-07-03', 0, 2075, 0, NULL, NULL, NULL),
(346, '2021-07-04', 0, 2095, 0, NULL, NULL, NULL),
(347, '2021-07-05', 0, 2126, 0, NULL, NULL, NULL),
(348, '2021-07-06', 0, 2088, 0, NULL, NULL, NULL),
(349, '2021-07-07', 0, 2103, 0, NULL, NULL, NULL),
(350, '2021-07-08', 0, 2104, 0, NULL, NULL, NULL),
(351, '2021-07-09', 0, 2067, 0, NULL, NULL, NULL),
(352, '2021-07-10', 0, 2109, 0, NULL, NULL, NULL),
(353, '2021-07-11', 0, 2091, 0, NULL, NULL, NULL),
(354, '2021-07-12', 0, 2083, 0, NULL, NULL, NULL),
(355, '2021-07-13', 0, 2153, 0, NULL, NULL, NULL),
(356, '2021-07-14', 0, 2141, 0, NULL, NULL, NULL),
(357, '2021-07-15', 0, 2099, 0, NULL, NULL, NULL),
(358, '2021-07-16', 0, 2377, 0, NULL, NULL, NULL),
(359, '2021-07-17', 0, 2374, 0, NULL, NULL, NULL),
(360, '2021-07-18', 0, 2342, 0, NULL, NULL, NULL),
(361, '2021-07-19', 0, 2388, 0, NULL, NULL, NULL),
(362, '2021-07-20', 0, 2348, 0, NULL, NULL, NULL),
(363, '2021-07-21', 0, 2338, 0, NULL, NULL, NULL),
(364, '2021-07-22', 0, 2370, 0, NULL, NULL, NULL),
(365, '2021-07-23', 0, 2323, 0, NULL, NULL, NULL),
(366, '2021-07-24', 0, 2397, 0, NULL, NULL, NULL),
(367, '2021-07-25', 0, 2380, 0, NULL, NULL, NULL),
(368, '2021-07-26', 0, 2330, 0, NULL, NULL, NULL),
(369, '2021-07-27', 0, 2391, 0, NULL, NULL, NULL),
(370, '2021-07-28', 0, 2348, 0, NULL, NULL, NULL),
(371, '2021-07-29', 0, 2376, 0, NULL, NULL, NULL),
(372, '2021-07-30', 0, 2330, 0, NULL, NULL, NULL),
(373, '2021-07-31', 0, 2351, 0, NULL, NULL, NULL),
(374, '2021-08-01', 0, 2393, 0, NULL, NULL, NULL),
(375, '2021-08-02', 0, 2395, 0, NULL, NULL, NULL),
(376, '2021-08-03', 0, 2330, 0, NULL, NULL, NULL),
(377, '2021-08-04', 0, 2358, 0, NULL, NULL, NULL),
(378, '2021-08-05', 0, 2343, 0, NULL, NULL, NULL),
(379, '2021-08-06', 0, 2413, 0, NULL, NULL, NULL),
(380, '2021-08-07', 0, 2341, 0, NULL, NULL, NULL),
(381, '2021-08-08', 0, 2415, 0, NULL, NULL, NULL),
(382, '2021-08-09', 0, 2359, 0, NULL, NULL, NULL),
(383, '2021-08-10', 0, 2359, 0, NULL, NULL, NULL),
(384, '2021-08-11', 0, 2352, 0, NULL, NULL, NULL),
(385, '2021-08-12', 0, 2380, 0, NULL, NULL, NULL),
(386, '2021-08-13', 0, 2342, 0, NULL, NULL, NULL),
(387, '2021-08-14', 0, 2428, 0, NULL, NULL, NULL),
(388, '2021-08-15', 0, 2379, 0, NULL, NULL, NULL),
(389, '2021-08-16', 0, 2441, 0, NULL, NULL, NULL),
(390, '2021-08-17', 0, 2404, 0, NULL, NULL, NULL),
(391, '2021-08-18', 0, 2330, 0, NULL, NULL, NULL),
(392, '2021-08-19', 0, 2204, 0, NULL, NULL, NULL),
(393, '2021-08-20', 0, 1427, 0, NULL, NULL, NULL),
(394, '2021-08-21', 0, 539, 0, NULL, NULL, NULL),
(395, '2021-08-22', 0, 447, 0, NULL, NULL, NULL),
(396, '2021-08-23', 0, 327, 0, NULL, NULL, NULL),
(397, '2021-08-24', 0, 76, 0, NULL, NULL, NULL),
(398, '2021-08-25', 0, 168, 0, NULL, NULL, NULL),
(399, '2021-08-26', 0, 200, 0, NULL, NULL, NULL),
(400, '2021-08-27', 0, 155, 0, NULL, NULL, NULL),
(401, '2021-08-28', 0, 186, 0, NULL, NULL, NULL),
(402, '2021-08-29', 0, 238, 0, NULL, NULL, NULL),
(403, '2021-08-30', 0, 114, 0, NULL, NULL, NULL),
(404, '2021-08-31', 0, 129, 0, NULL, NULL, NULL),
(405, '2021-09-01', 0, 175, 0, NULL, NULL, NULL),
(406, '2021-09-02', 0, 197, 0, NULL, NULL, NULL),
(407, '2021-09-03', 0, 196, 0, NULL, NULL, NULL),
(408, '2021-09-04', 0, 156, 0, NULL, NULL, NULL),
(409, '2021-09-05', 0, 109, 0, NULL, NULL, NULL),
(410, '2021-09-06', 0, 91, 0, NULL, NULL, NULL),
(411, '2021-09-07', 0, 131, 0, NULL, NULL, NULL),
(412, '2021-09-08', 0, 99, 0, NULL, NULL, NULL),
(413, '2021-09-09', 0, 131, 0, NULL, NULL, NULL),
(414, '2021-09-10', 0, 153, 0, NULL, NULL, NULL),
(415, '2021-09-11', 0, 88, 0, NULL, NULL, NULL),
(416, '2021-09-12', 0, 120, 0, NULL, NULL, NULL),
(417, '2021-09-13', 0, 154, 0, NULL, NULL, NULL),
(418, '2021-09-14', 0, 119, 0, NULL, NULL, NULL),
(419, '2021-09-15', 0, 109, 0, NULL, NULL, NULL),
(420, '2021-09-16', 0, 160, 0, NULL, NULL, NULL),
(421, '2021-09-17', 0, 112, 0, NULL, NULL, NULL),
(422, '2021-09-18', 0, 97, 0, NULL, NULL, NULL),
(423, '2021-09-19', 0, 174, 0, NULL, NULL, NULL),
(424, '2021-09-20', 0, 135, 0, NULL, NULL, NULL),
(425, '2021-09-21', 0, 130, 0, NULL, NULL, NULL),
(426, '2021-09-22', 0, 134, 0, NULL, NULL, NULL),
(427, '2021-09-23', 0, 109, 0, NULL, NULL, NULL),
(428, '2021-09-24', 0, 84, 0, NULL, NULL, NULL),
(429, '2021-09-25', 0, 134, 0, NULL, NULL, NULL),
(430, '2021-09-26', 0, 126, 0, NULL, NULL, NULL),
(431, '2021-09-27', 0, 75, 0, NULL, NULL, NULL),
(432, '2021-09-28', 0, 126, 0, NULL, NULL, NULL),
(433, '2021-09-29', 0, 102, 0, NULL, NULL, NULL),
(434, '2021-09-30', 0, 112, 0, NULL, NULL, NULL),
(435, '2021-10-01', 0, 111, 0, NULL, NULL, NULL),
(436, '2021-10-02', 0, 123, 0, NULL, NULL, NULL),
(437, '2021-10-03', 0, 72, 0, NULL, NULL, NULL),
(438, '2021-10-04', 0, 107, 0, NULL, NULL, NULL),
(439, '2021-10-05', 0, 111, 0, NULL, NULL, NULL),
(440, '2021-10-06', 0, 132, 0, NULL, NULL, NULL),
(441, '2021-10-07', 0, 116, 0, NULL, NULL, NULL),
(442, '2021-10-08', 0, 89, 0, NULL, NULL, NULL),
(443, '2021-10-09', 0, 77, 0, NULL, NULL, NULL),
(444, '2021-10-10', 0, 127, 0, NULL, NULL, NULL),
(445, '2021-10-11', 0, 102, 0, NULL, NULL, NULL),
(446, '2021-10-12', 0, 91, 0, NULL, NULL, NULL),
(447, '2021-10-13', 0, 188, 0, NULL, NULL, NULL),
(448, '2021-10-14', 0, 106, 0, NULL, NULL, NULL),
(449, '2021-10-15', 0, 129, 0, NULL, NULL, NULL),
(450, '2021-10-16', 0, 121, 0, NULL, NULL, NULL),
(451, '2021-10-17', 0, 201, 0, NULL, NULL, NULL),
(452, '2021-10-18', 0, 149, 0, NULL, NULL, NULL),
(453, '2021-10-19', 0, 140, 0, NULL, NULL, NULL),
(454, '2021-10-20', 0, 119, 0, NULL, NULL, NULL),
(455, '2021-10-21', 0, 135, 0, NULL, NULL, NULL),
(456, '2021-10-22', 0, 169, 0, NULL, NULL, NULL),
(457, '2021-10-23', 0, 136, 0, NULL, NULL, NULL),
(458, '2021-10-24', 0, 105, 0, NULL, NULL, NULL),
(459, '2021-10-25', 0, 134, 0, NULL, NULL, NULL),
(460, '2021-10-26', 0, 140, 0, NULL, NULL, NULL),
(461, '2021-10-27', 0, 109, 0, NULL, NULL, NULL),
(462, '2021-10-28', 0, 130, 0, NULL, NULL, NULL),
(463, '2021-10-29', 0, 98, 0, NULL, NULL, NULL),
(464, '2021-10-30', 0, 78, 0, NULL, NULL, NULL),
(465, '2021-10-31', 0, 140, 0, NULL, NULL, NULL),
(466, '2021-11-01', 0, 163, 0, NULL, NULL, NULL),
(467, '2021-11-02', 0, 127, 0, NULL, NULL, NULL),
(468, '2021-11-03', 0, 96, 0, NULL, NULL, NULL),
(469, '2021-11-04', 0, 98, 0, NULL, NULL, NULL),
(470, '2021-11-05', 0, 130, 0, NULL, NULL, NULL),
(471, '2021-11-06', 0, 107, 0, NULL, NULL, NULL),
(472, '2021-11-07', 0, 134, 0, NULL, NULL, NULL),
(473, '2021-11-08', 0, 203, 0, NULL, NULL, NULL),
(474, '2021-11-09', 0, 181, 0, NULL, NULL, NULL),
(475, '2021-11-10', 0, 138, 0, NULL, NULL, NULL),
(476, '2021-11-11', 0, 97, 0, NULL, NULL, NULL),
(477, '2021-11-12', 0, 89, 0, NULL, NULL, NULL),
(478, '2021-11-13', 0, 67, 0, NULL, NULL, NULL),
(479, '2021-11-14', 0, 108, 0, NULL, NULL, NULL),
(480, '2021-11-15', 0, 106, 0, NULL, NULL, NULL),
(481, '2021-11-16', 0, 86, 0, NULL, NULL, NULL),
(482, '2021-11-17', 0, 91, 0, NULL, NULL, NULL),
(483, '2021-11-18', 0, 150, 0, NULL, NULL, NULL),
(484, '2021-11-19', 0, 154, 0, NULL, NULL, NULL),
(485, '2021-11-20', 0, 133, 0, NULL, NULL, NULL),
(486, '2021-11-21', 0, 95, 0, NULL, NULL, NULL),
(487, '2021-11-22', 0, 137, 0, NULL, NULL, NULL),
(488, '2021-11-23', 0, 146, 0, NULL, NULL, NULL),
(489, '2021-11-24', 0, 172, 0, NULL, NULL, NULL),
(490, '2021-11-25', 0, 130, 0, NULL, NULL, NULL),
(491, '2021-11-26', 0, 144, 0, NULL, NULL, NULL),
(492, '2021-11-27', 0, 116, 0, NULL, NULL, NULL),
(493, '2021-11-28', 0, 130, 0, NULL, NULL, NULL),
(494, '2021-11-29', 0, 185, 0, NULL, NULL, NULL),
(495, '2021-11-30', 0, 113, 0, NULL, NULL, NULL),
(496, '2021-12-01', 0, 174, 0, NULL, NULL, NULL),
(497, '2021-12-02', 0, 163, 0, NULL, NULL, NULL),
(498, '2021-12-03', 0, 113, 0, NULL, NULL, NULL),
(499, '2021-12-04', 0, 181, 0, NULL, NULL, NULL),
(500, '2021-12-05', 0, 126, 0, NULL, NULL, NULL),
(501, '2021-12-06', 0, 117, 0, NULL, NULL, NULL),
(502, '2021-12-07', 0, 199, 0, NULL, NULL, NULL),
(503, '2021-12-08', 0, 126, 0, NULL, NULL, NULL),
(504, '2021-12-09', 0, 102, 0, NULL, NULL, NULL),
(505, '2021-12-10', 0, 158, 0, NULL, NULL, NULL),
(506, '2021-12-11', 0, 176, 0, NULL, NULL, NULL),
(507, '2021-12-12', 0, 129, 0, NULL, NULL, NULL),
(508, '2021-12-13', 0, 142, 0, NULL, NULL, NULL),
(509, '2021-12-14', 0, 155, 0, NULL, NULL, NULL),
(510, '2021-12-15', 0, 150, 0, NULL, NULL, NULL),
(511, '2021-12-16', 0, 161, 0, NULL, NULL, NULL),
(512, '2021-12-17', 0, 151, 0, NULL, NULL, NULL),
(513, '2021-12-18', 0, 131, 0, NULL, NULL, NULL),
(514, '2021-12-19', 0, 225, 0, NULL, NULL, NULL),
(515, '2021-12-20', 0, 146, 0, NULL, NULL, NULL),
(516, '2021-12-21', 0, 111, 0, NULL, NULL, NULL),
(517, '2021-12-22', 0, 168, 0, NULL, NULL, NULL),
(518, '2021-12-23', 0, 134, 0, NULL, NULL, NULL),
(519, '2021-12-24', 0, 81, 0, NULL, NULL, NULL),
(520, '2021-12-25', 0, 156, 0, NULL, NULL, NULL),
(521, '2021-12-26', 0, 153, 0, NULL, NULL, NULL),
(522, '2021-12-27', 0, 79, 0, NULL, NULL, NULL),
(523, '2021-12-28', 0, 106, 0, NULL, NULL, NULL),
(524, '2021-12-29', 0, 83, 0, NULL, NULL, NULL),
(525, '2021-12-30', 0, 121, 0, NULL, NULL, NULL),
(526, '2021-12-31', 0, 147, 0, NULL, NULL, NULL),
(527, '2022-01-01', 0, 162, 0, NULL, NULL, NULL),
(528, '2022-01-02', 0, 144, 0, NULL, NULL, NULL),
(529, '2022-01-03', 0, 177, 0, NULL, NULL, NULL),
(530, '2022-01-04', 0, 218, 0, NULL, NULL, NULL),
(531, '2022-01-05', 0, 229, 0, NULL, NULL, NULL),
(532, '2022-01-06', 0, 133, 0, NULL, NULL, NULL),
(533, '2022-01-07', 0, 224, 0, NULL, NULL, NULL),
(534, '2022-01-08', 0, 116, 0, NULL, NULL, NULL),
(535, '2022-01-09', 0, 173, 0, NULL, NULL, NULL),
(536, '2022-01-10', 0, 167, 0, NULL, NULL, NULL),
(537, '2022-01-11', 0, 180, 0, NULL, NULL, NULL),
(538, '2022-01-12', 0, 137, 0, NULL, NULL, NULL),
(539, '2022-01-13', 0, 149, 0, NULL, NULL, NULL),
(540, '2022-01-14', 0, 121, 0, NULL, NULL, NULL),
(541, '2022-01-15', 0, 125, 0, NULL, NULL, NULL),
(542, '2022-01-16', 0, 241, 0, NULL, NULL, NULL),
(543, '2022-01-17', 0, 205, 0, NULL, NULL, NULL),
(544, '2022-01-18', 0, 148, 0, NULL, NULL, NULL),
(545, '2022-01-19', 0, 139, 0, NULL, NULL, NULL),
(546, '2022-01-20', 0, 118, 0, NULL, NULL, NULL),
(547, '2022-01-21', 0, 144, 0, NULL, NULL, NULL),
(548, '2022-01-22', 0, 174, 0, NULL, NULL, NULL),
(549, '2022-01-23', 0, 146, 0, NULL, NULL, NULL),
(550, '2022-01-24', 0, 149, 0, NULL, NULL, NULL),
(551, '2022-01-25', 0, 153, 0, NULL, NULL, NULL),
(552, '2022-01-26', 0, 144, 0, NULL, NULL, NULL),
(553, '2022-01-27', 0, 102, 0, NULL, NULL, NULL),
(554, '2022-01-28', 0, 89, 0, NULL, NULL, NULL),
(555, '2022-01-29', 0, 129, 0, NULL, NULL, NULL),
(556, '2022-01-30', 0, 102, 0, NULL, NULL, NULL),
(557, '2022-01-31', 0, 111, 0, NULL, NULL, NULL),
(558, '2022-02-01', 0, 58, 0, NULL, NULL, NULL),
(559, '2022-02-02', 0, 57, 0, NULL, NULL, NULL),
(560, '2022-02-03', 0, 100, 0, NULL, NULL, NULL),
(561, '2022-02-04', 0, 69, 0, NULL, NULL, NULL),
(562, '2022-02-05', 0, 102, 0, NULL, NULL, NULL),
(563, '2022-02-06', 0, 101, 0, NULL, NULL, NULL),
(564, '2022-02-07', 0, 88, 0, NULL, NULL, NULL),
(565, '2022-02-08', 0, 83, 0, NULL, NULL, NULL),
(566, '2022-02-09', 0, 158, 0, NULL, NULL, NULL),
(567, '2022-02-10', 0, 93, 0, NULL, NULL, NULL),
(568, '2022-02-11', 0, 156, 0, NULL, NULL, NULL),
(569, '2022-02-12', 0, 188, 0, NULL, NULL, NULL),
(570, '2022-02-13', 0, 174, 0, NULL, NULL, NULL),
(571, '2022-02-14', 0, 133, 0, NULL, NULL, NULL),
(572, '2022-02-15', 0, 183, 0, NULL, NULL, NULL),
(573, '2022-02-16', 0, 143, 0, NULL, NULL, NULL),
(574, '2022-02-17', 0, 177, 0, NULL, NULL, NULL),
(575, '2022-02-18', 0, 156, 0, NULL, NULL, NULL),
(576, '2022-02-19', 0, 77, 0, NULL, NULL, NULL),
(577, '2022-02-20', 0, 77, 0, NULL, NULL, NULL),
(578, '2022-02-21', 0, 97, 0, NULL, NULL, NULL),
(579, '2022-02-22', 0, 77, 0, NULL, NULL, NULL),
(580, '2022-02-23', 0, 122, 0, NULL, NULL, NULL),
(581, '2022-02-24', 0, 112, 0, NULL, NULL, NULL),
(582, '2022-02-25', 0, 143, 0, NULL, NULL, NULL),
(583, '2022-02-26', 0, 151, 0, NULL, NULL, NULL),
(584, '2022-02-27', 0, 162, 0, NULL, NULL, NULL),
(585, '2022-02-28', 0, 133, 0, NULL, NULL, NULL),
(586, '2022-03-01', 0, 175, 0, NULL, NULL, NULL),
(587, '2022-03-02', 0, 157, 0, NULL, NULL, NULL),
(588, '2022-03-03', 0, 157, 0, NULL, NULL, NULL),
(589, '2022-03-04', 0, 130, 0, NULL, NULL, NULL),
(590, '2022-03-05', 0, 151, 0, NULL, NULL, NULL),
(591, '2022-03-06', 0, 99, 0, NULL, NULL, NULL),
(592, '2022-03-07', 0, 121, 0, NULL, NULL, NULL),
(593, '2022-03-08', 0, 205, 0, NULL, NULL, NULL),
(594, '2022-03-09', 0, 172, 0, NULL, NULL, NULL),
(595, '2022-03-10', 0, 95, 0, NULL, NULL, NULL),
(596, '2022-03-11', 0, 106, 0, NULL, NULL, NULL),
(597, '2022-03-12', 0, 111, 0, NULL, NULL, NULL),
(598, '2022-03-13', 0, 50, 0, NULL, NULL, NULL),
(599, '2022-03-14', 0, 138, 0, NULL, NULL, NULL),
(600, '2022-03-15', 0, 119, 0, NULL, NULL, NULL),
(601, '2022-03-28', 0, 58, 0, NULL, NULL, NULL),
(602, '2022-03-29', 0, 78, 0, NULL, NULL, NULL),
(603, '2022-03-30', 0, 85, 0, NULL, NULL, NULL),
(604, '2022-03-31', 0, 113, 0, NULL, NULL, NULL),
(605, '2022-04-01', 0, 243, 0, NULL, NULL, NULL),
(606, '2022-04-02', 0, 207, 0, NULL, NULL, NULL),
(607, '2022-04-03', 0, 127, 0, NULL, NULL, NULL),
(608, '2022-04-04', 0, 111, 0, NULL, NULL, NULL),
(609, '2022-04-05', 0, 127, 0, NULL, NULL, NULL),
(610, '2022-04-06', 0, 99, 0, NULL, NULL, NULL),
(611, '2022-04-07', 0, 116, 0, NULL, NULL, NULL),
(612, '2022-04-08', 0, 173, 0, NULL, NULL, NULL),
(613, '2022-04-09', 0, 162, 0, NULL, NULL, NULL),
(614, '2022-04-10', 0, 170, 0, NULL, NULL, NULL),
(615, '2022-04-11', 0, 90, 0, NULL, NULL, NULL),
(616, '2022-04-12', 0, 152, 0, NULL, NULL, NULL),
(617, '2022-04-13', 0, 211, 0, NULL, NULL, NULL),
(618, '2022-04-14', 0, 114, 0, NULL, NULL, NULL),
(619, '2022-04-15', 0, 221, 0, NULL, NULL, NULL),
(620, '2022-04-16', 0, 174, 0, NULL, NULL, NULL),
(621, '2022-04-17', 0, 144, 0, NULL, NULL, NULL),
(622, '2022-04-18', 0, 112, 0, NULL, NULL, NULL),
(623, '2022-04-19', 0, 140, 0, NULL, NULL, NULL),
(624, '2022-04-20', 0, 119, 0, NULL, NULL, NULL),
(625, '2022-04-21', 0, 120, 0, NULL, NULL, NULL),
(626, '2022-04-22', 0, 130, 0, NULL, NULL, NULL),
(627, '2022-04-23', 0, 122, 0, NULL, NULL, NULL),
(628, '2022-04-24', 0, 147, 0, NULL, NULL, NULL),
(629, '2022-04-25', 0, 116, 0, NULL, NULL, NULL),
(630, '2022-04-26', 0, 182, 0, NULL, NULL, NULL),
(631, '2022-04-27', 0, 100, 0, NULL, NULL, NULL),
(632, '2022-04-28', 0, 267, 0, NULL, NULL, NULL),
(633, '2022-04-29', 0, 189, 0, NULL, NULL, NULL),
(634, '2022-04-30', 0, 170, 0, NULL, NULL, NULL),
(635, '2022-05-01', 0, 128, 0, NULL, NULL, NULL),
(636, '2022-05-02', 0, 168, 0, NULL, NULL, NULL),
(637, '2022-05-03', 0, 199, 0, NULL, NULL, NULL),
(638, '2022-05-04', 0, 124, 0, NULL, NULL, NULL),
(639, '2022-05-05', 0, 161, 0, NULL, NULL, NULL),
(640, '2022-05-06', 0, 77, 0, NULL, NULL, NULL),
(641, '2022-05-07', 0, 135, 0, NULL, NULL, NULL),
(642, '2022-05-08', 0, 120, 0, NULL, NULL, NULL),
(643, '2022-05-09', 0, 128, 0, NULL, NULL, NULL),
(644, '2022-05-10', 0, 237, 0, NULL, NULL, NULL),
(645, '2022-05-11', 0, 246, 0, NULL, NULL, NULL),
(646, '2022-05-12', 0, 170, 0, NULL, NULL, NULL),
(647, '2022-05-13', 0, 116, 0, NULL, NULL, NULL),
(648, '2022-05-14', 0, 252, 0, NULL, NULL, NULL),
(649, '2022-05-15', 0, 211, 0, NULL, NULL, NULL),
(650, '2022-05-16', 0, 205, 0, NULL, NULL, NULL),
(651, '2022-05-17', 0, 148, 0, NULL, NULL, NULL),
(652, '2022-05-18', 0, 198, 0, NULL, NULL, NULL),
(653, '2022-05-19', 0, 145, 0, NULL, NULL, NULL),
(654, '2022-05-20', 0, 102, 0, NULL, NULL, NULL),
(655, '2022-05-21', 0, 137, 0, NULL, NULL, NULL),
(656, '2022-05-22', 0, 90, 0, NULL, NULL, NULL),
(657, '2022-05-23', 0, 118, 0, NULL, NULL, NULL),
(658, '2022-05-24', 0, 144, 0, NULL, NULL, NULL),
(659, '2022-05-25', 0, 190, 0, NULL, NULL, NULL),
(660, '2022-05-26', 0, 96, 0, NULL, NULL, NULL),
(661, '2022-05-27', 0, 214, 0, NULL, NULL, NULL),
(662, '2022-05-28', 0, 98, 0, NULL, NULL, NULL),
(663, '2022-05-29', 0, 146, 0, NULL, NULL, NULL),
(664, '2022-05-30', 0, 210, 0, NULL, NULL, NULL),
(665, '2022-05-31', 0, 151, 0, NULL, NULL, NULL),
(666, '2022-06-01', 0, 195, 0, NULL, NULL, NULL),
(667, '2022-06-02', 0, 146, 0, NULL, NULL, NULL),
(668, '2022-06-03', 0, 181, 0, NULL, NULL, NULL),
(669, '2022-06-04', 0, 161, 0, NULL, NULL, NULL),
(670, '2022-06-05', 0, 102, 0, NULL, NULL, NULL),
(671, '2022-06-06', 0, 128, 0, NULL, NULL, NULL),
(672, '2022-06-07', 0, 216, 0, NULL, NULL, NULL),
(673, '2022-06-08', 0, 137, 0, NULL, NULL, NULL),
(674, '2022-06-09', 0, 129, 0, NULL, NULL, NULL),
(675, '2022-06-10', 0, 170, 0, NULL, NULL, NULL),
(676, '2022-06-11', 0, 106, 0, NULL, NULL, NULL),
(677, '2022-06-12', 0, 649, 0, NULL, NULL, NULL),
(678, '2022-06-13', 0, 1219, 0, NULL, NULL, NULL),
(679, '2022-06-14', 0, 204, 0, NULL, NULL, NULL),
(680, '2022-06-15', 0, 177, 0, NULL, NULL, NULL),
(681, '2022-06-16', 0, 122, 0, NULL, NULL, NULL),
(682, '2022-06-17', 0, 143, 0, NULL, NULL, NULL),
(683, '2022-06-18', 0, 164, 0, NULL, NULL, NULL),
(684, '2022-06-19', 0, 104, 0, NULL, NULL, NULL),
(685, '2022-06-20', 0, 139, 0, NULL, NULL, NULL),
(686, '2022-06-21', 0, 172, 0, NULL, NULL, NULL),
(687, '2022-06-22', 0, 103, 0, NULL, NULL, NULL),
(688, '2022-06-23', 0, 149, 0, NULL, NULL, NULL),
(689, '2022-06-24', 0, 102, 0, NULL, NULL, NULL),
(690, '2022-06-25', 0, 70, 0, NULL, NULL, NULL),
(691, '2022-06-26', 0, 78, 0, NULL, NULL, NULL),
(692, '2022-06-27', 0, 129, 0, NULL, NULL, NULL),
(693, '2022-06-28', 0, 159, 0, NULL, NULL, NULL),
(694, '2022-06-29', 0, 87, 0, NULL, NULL, NULL),
(695, '2022-06-30', 0, 159, 0, NULL, NULL, NULL),
(696, '2022-07-01', 0, 83, 0, NULL, NULL, NULL),
(697, '2022-07-02', 0, 100, 0, NULL, NULL, NULL),
(698, '2022-07-03', 0, 83, 0, NULL, NULL, NULL),
(699, '2022-07-04', 0, 121, 0, NULL, NULL, NULL),
(700, '2022-07-05', 0, 177, 0, NULL, NULL, NULL),
(701, '2022-07-06', 0, 114, 0, NULL, NULL, NULL),
(702, '2022-07-07', 0, 208, 0, NULL, NULL, NULL),
(703, '2022-07-08', 0, 177, 0, NULL, NULL, NULL),
(704, '2022-07-09', 0, 119, 0, NULL, NULL, NULL),
(705, '2022-07-10', 0, 125, 0, NULL, NULL, NULL),
(706, '2022-07-11', 0, 191, 0, NULL, NULL, NULL),
(707, '2022-07-12', 0, 145, 0, NULL, NULL, NULL),
(708, '2022-07-13', 0, 94, 0, NULL, NULL, NULL),
(709, '2022-07-14', 0, 80, 0, NULL, NULL, NULL),
(710, '2022-07-15', 0, 158, 0, NULL, NULL, NULL),
(711, '2022-07-16', 0, 65, 0, NULL, NULL, NULL),
(712, '2022-07-17', 0, 154, 0, NULL, NULL, NULL),
(713, '2022-07-18', 0, 178, 0, NULL, NULL, NULL),
(714, '2022-07-19', 0, 59, 0, NULL, NULL, NULL),
(715, '2022-07-20', 0, 100, 0, NULL, NULL, NULL),
(716, '2022-07-21', 0, 15, 0, NULL, NULL, NULL),
(717, '2022-07-22', 0, 2, 0, NULL, NULL, NULL),
(718, '2022-07-23', 0, 8, 0, NULL, NULL, NULL),
(719, '2022-07-24', 0, 8, 0, NULL, NULL, NULL),
(720, '2022-07-25', 0, 4, 0, NULL, NULL, NULL),
(721, '2022-07-26', 0, 11, 0, NULL, NULL, NULL),
(722, '2022-07-27', 0, 5, 0, NULL, NULL, NULL),
(723, '2022-07-28', 0, 7, 0, NULL, NULL, NULL),
(724, '2022-07-29', 0, 4, 0, NULL, NULL, NULL),
(725, '2022-07-30', 0, 15, 0, NULL, NULL, NULL),
(726, '2022-07-31', 0, 10, 0, NULL, NULL, NULL),
(727, '2022-08-01', 0, 4, 0, NULL, NULL, NULL),
(728, '2022-08-02', 0, 2, 0, NULL, NULL, NULL),
(729, '2022-08-03', 0, 8, 0, NULL, NULL, NULL),
(730, '2022-08-04', 0, 8, 0, NULL, NULL, NULL),
(731, '2022-08-05', 0, 1, 0, NULL, NULL, NULL),
(732, '2022-08-06', 0, 13, 0, NULL, NULL, NULL),
(733, '2022-08-07', 0, 2, 0, NULL, NULL, NULL),
(734, '2022-08-08', 0, 6, 0, NULL, NULL, NULL),
(735, '2022-08-09', 0, 7, 0, NULL, NULL, NULL),
(736, '2022-08-10', 0, 6, 0, NULL, NULL, NULL),
(737, '2022-08-11', 0, 5, 0, NULL, NULL, NULL),
(738, '2022-08-12', 0, 8, 0, NULL, NULL, NULL),
(739, '2022-08-13', 0, 10, 0, NULL, NULL, NULL),
(740, '2022-08-14', 0, 4, 0, NULL, NULL, NULL),
(741, '2022-08-15', 0, 10, 0, NULL, NULL, NULL),
(742, '2022-08-16', 0, 6, 0, NULL, NULL, NULL),
(743, '2022-08-17', 0, 17, 0, NULL, NULL, NULL),
(744, '2022-08-18', 0, 6, 0, NULL, NULL, NULL),
(745, '2022-08-19', 0, 11, 0, NULL, NULL, NULL),
(746, '2022-08-20', 0, 7, 0, NULL, NULL, NULL),
(747, '2022-08-21', 0, 7, 0, NULL, NULL, NULL),
(748, '2022-08-22', 0, 6, 0, NULL, NULL, NULL),
(749, '2022-08-23', 0, 21, 0, NULL, NULL, NULL),
(750, '2022-08-24', 0, 10, 0, NULL, NULL, NULL),
(751, '2022-08-25', 0, 14, 0, NULL, NULL, NULL),
(752, '2022-08-26', 0, 18, 0, NULL, NULL, NULL),
(753, '2022-08-27', 0, 14, 0, NULL, NULL, NULL),
(754, '2022-08-28', 0, 8, 0, NULL, NULL, NULL),
(755, '2022-08-29', 0, 12, 0, NULL, NULL, NULL),
(756, '2022-08-30', 0, 13, 0, NULL, NULL, NULL),
(757, '2022-08-31', 0, 5, 0, NULL, NULL, NULL),
(758, '2022-09-01', 0, 13, 0, NULL, NULL, NULL),
(759, '2022-09-02', 0, 7, 0, NULL, NULL, NULL),
(760, '2022-09-03', 0, 15, 0, NULL, NULL, NULL),
(761, '2022-09-04', 0, 8, 0, NULL, NULL, NULL),
(762, '2022-09-05', 0, 5, 0, NULL, NULL, NULL),
(763, '2022-09-06', 0, 24, 0, NULL, NULL, NULL),
(764, '2022-09-07', 0, 8, 0, NULL, NULL, NULL),
(765, '2022-09-08', 0, 11, 0, NULL, NULL, NULL),
(766, '2022-09-09', 0, 8, 0, NULL, NULL, NULL),
(767, '2022-09-10', 0, 8, 0, NULL, NULL, NULL),
(768, '2022-09-11', 0, 8, 0, NULL, NULL, NULL),
(769, '2022-09-12', 0, 3, 0, NULL, NULL, NULL),
(770, '2022-09-13', 0, 16, 0, NULL, NULL, NULL),
(771, '2022-09-14', 0, 11, 0, NULL, NULL, NULL),
(772, '2022-09-15', 0, 16, 0, NULL, NULL, NULL),
(773, '2022-09-16', 0, 15, 0, NULL, NULL, NULL),
(774, '2022-09-17', 0, 26, 0, NULL, NULL, NULL),
(775, '2022-09-18', 0, 19, 0, NULL, NULL, NULL),
(776, '2022-09-19', 0, 9, 0, NULL, NULL, NULL),
(777, '2022-09-20', 0, 19, 0, NULL, NULL, NULL),
(778, '2022-09-21', 0, 14, 0, NULL, NULL, NULL),
(779, '2022-09-22', 0, 14, 0, NULL, NULL, NULL),
(780, '2022-09-23', 0, 6, 0, NULL, NULL, NULL),
(781, '2022-09-24', 0, 6, 0, NULL, NULL, NULL),
(782, '2022-09-25', 0, 12, 0, NULL, NULL, NULL),
(783, '2022-09-26', 0, 9, 0, NULL, NULL, NULL),
(784, '2022-09-27', 0, 11, 0, NULL, NULL, NULL),
(785, '2022-09-28', 0, 11, 0, NULL, NULL, NULL),
(786, '2022-09-29', 0, 14, 0, NULL, NULL, NULL),
(787, '2022-09-30', 0, 11, 0, NULL, NULL, NULL),
(788, '2022-10-01', 0, 5, 0, NULL, NULL, NULL),
(789, '2022-10-02', 0, 9, 0, NULL, NULL, NULL),
(790, '2022-10-03', 0, 14, 0, NULL, NULL, NULL),
(791, '2022-10-04', 0, 8, 0, NULL, NULL, NULL),
(792, '2022-10-05', 0, 12, 0, NULL, NULL, NULL),
(793, '2022-10-06', 0, 12, 0, NULL, NULL, NULL),
(794, '2022-10-07', 0, 6, 0, NULL, NULL, NULL),
(795, '2022-10-08', 0, 8, 0, NULL, NULL, NULL),
(796, '2022-10-09', 0, 11, 0, NULL, NULL, NULL),
(797, '2022-10-10', 0, 12, 0, NULL, NULL, NULL),
(798, '2022-10-11', 0, 12, 0, NULL, NULL, NULL),
(799, '2022-10-12', 0, 8, 0, NULL, NULL, NULL),
(800, '2022-10-13', 0, 15, 0, NULL, NULL, NULL),
(801, '2022-10-14', 0, 19, 0, NULL, NULL, NULL),
(802, '2022-10-15', 0, 12, 0, NULL, NULL, NULL),
(803, '2022-10-16', 0, 14, 0, NULL, NULL, NULL),
(804, '2022-10-17', 0, 5, 0, NULL, NULL, NULL),
(805, '2022-10-18', 0, 11, 0, NULL, NULL, NULL),
(806, '2022-10-19', 0, 11, 0, NULL, NULL, NULL),
(807, '2022-10-20', 0, 7, 0, NULL, NULL, NULL),
(808, '2022-10-21', 0, 6, 0, NULL, NULL, NULL),
(809, '2022-10-22', 0, 8, 0, NULL, NULL, NULL),
(810, '2022-10-23', 0, 6, 0, NULL, NULL, NULL),
(811, '2022-10-24', 0, 11, 0, NULL, NULL, NULL),
(812, '2022-10-25', 0, 27, 0, NULL, NULL, NULL),
(813, '2022-10-26', 0, 8, 0, NULL, NULL, NULL),
(814, '2022-10-27', 0, 10, 0, NULL, NULL, NULL),
(815, '2022-10-28', 0, 13, 0, NULL, NULL, NULL),
(816, '2022-10-29', 0, 10, 0, NULL, NULL, NULL),
(817, '2022-10-30', 0, 10, 0, NULL, NULL, NULL),
(818, '2022-10-31', 0, 11, 0, NULL, NULL, NULL),
(819, '2022-11-01', 0, 9, 0, NULL, NULL, NULL),
(820, '2022-11-02', 0, 31, 0, NULL, NULL, NULL),
(821, '2022-11-03', 0, 16, 0, NULL, NULL, NULL),
(822, '2022-11-04', 0, 16, 0, NULL, NULL, NULL),
(823, '2022-11-05', 0, 13, 0, NULL, NULL, NULL),
(824, '2022-11-06', 0, 11, 0, NULL, NULL, NULL),
(825, '2022-11-07', 0, 11, 0, NULL, NULL, NULL),
(826, '2022-11-08', 0, 32, 0, NULL, NULL, NULL),
(827, '2022-11-09', 0, 12, 0, NULL, NULL, NULL),
(828, '2022-11-10', 0, 4, 0, NULL, NULL, NULL),
(829, '2022-11-11', 0, 14, 0, NULL, NULL, NULL),
(830, '2022-11-12', 0, 16, 0, NULL, NULL, NULL),
(831, '2022-11-13', 0, 24, 0, NULL, NULL, NULL),
(832, '2022-11-14', 0, 11, 0, NULL, NULL, NULL),
(833, '2022-11-15', 0, 8, 0, NULL, NULL, NULL),
(834, '2022-11-16', 0, 11, 0, NULL, NULL, NULL),
(835, '2022-11-17', 0, 10, 0, NULL, NULL, NULL),
(836, '2022-11-18', 0, 13, 0, NULL, NULL, NULL),
(837, '2022-11-19', 0, 11, 0, NULL, NULL, NULL),
(838, '2022-11-20', 0, 5, 0, NULL, NULL, NULL),
(839, '2022-11-21', 0, 10, 0, NULL, NULL, NULL),
(840, '2022-11-22', 0, 33, 0, NULL, NULL, NULL),
(841, '2022-11-23', 0, 10, 0, NULL, NULL, NULL),
(842, '2022-11-24', 0, 11, 0, NULL, NULL, NULL),
(843, '2022-11-25', 0, 13, 0, NULL, NULL, NULL),
(844, '2022-11-26', 0, 10, 0, NULL, NULL, NULL),
(845, '2022-11-27', 0, 10, 0, NULL, NULL, NULL),
(846, '2022-11-28', 0, 17, 0, NULL, NULL, NULL),
(847, '2022-11-29', 0, 14, 0, NULL, NULL, NULL),
(848, '2022-11-30', 0, 12, 0, NULL, NULL, NULL),
(849, '2022-12-01', 0, 29, 0, NULL, NULL, NULL),
(850, '2022-12-02', 0, 12, 0, NULL, NULL, NULL),
(851, '2022-12-03', 0, 14, 0, NULL, NULL, NULL),
(852, '2022-12-04', 0, 8, 0, NULL, NULL, NULL),
(853, '2022-12-05', 0, 19, 0, NULL, NULL, NULL),
(854, '2022-12-06', 0, 14, 0, NULL, NULL, NULL),
(855, '2022-12-07', 0, 33, 0, NULL, NULL, NULL),
(856, '2022-12-08', 0, 8, 0, NULL, NULL, NULL),
(857, '2022-12-09', 0, 15, 0, NULL, NULL, NULL),
(858, '2022-12-10', 0, 12, 0, NULL, NULL, NULL),
(859, '2022-12-11', 0, 30, 0, NULL, NULL, NULL),
(860, '2022-12-12', 0, 15, 0, NULL, NULL, NULL),
(861, '2022-12-13', 0, 12, 0, NULL, NULL, NULL),
(862, '2022-12-14', 0, 13, 0, NULL, NULL, NULL),
(863, '2022-12-15', 0, 40, 0, NULL, NULL, NULL),
(864, '2022-12-16', 0, 15, 0, NULL, NULL, NULL),
(865, '2022-12-17', 0, 10, 0, NULL, NULL, NULL),
(866, '2022-12-18', 0, 14, 0, NULL, NULL, NULL),
(867, '2022-12-19', 0, 11, 0, NULL, NULL, NULL),
(868, '2022-12-20', 0, 15, 0, NULL, NULL, NULL),
(869, '2022-12-21', 0, 13, 0, NULL, NULL, NULL),
(870, '2022-12-22', 0, 40, 0, NULL, NULL, NULL),
(871, '2022-12-23', 0, 12, 0, NULL, NULL, NULL),
(872, '2022-12-24', 0, 22, 0, NULL, NULL, NULL),
(873, '2022-12-25', 0, 16, 0, NULL, NULL, NULL),
(874, '2022-12-26', 0, 29, 0, NULL, NULL, NULL),
(875, '2022-12-27', 0, 15, 0, NULL, NULL, NULL),
(876, '2022-12-28', 0, 6, 0, NULL, NULL, NULL),
(877, '2022-12-29', 0, 25, 0, NULL, NULL, NULL),
(878, '2022-12-30', 0, 16, 0, NULL, NULL, NULL),
(879, '2022-12-31', 0, 19, 0, NULL, NULL, NULL),
(880, '2023-01-01', 0, 27, 0, NULL, NULL, NULL),
(881, '2023-01-02', 0, 23, 0, NULL, NULL, NULL),
(882, '2023-01-03', 0, 19, 0, NULL, NULL, NULL),
(883, '2023-01-04', 0, 14, 0, NULL, NULL, NULL),
(884, '2023-01-05', 0, 17, 0, NULL, NULL, NULL),
(885, '2023-01-06', 0, 9, 0, NULL, NULL, NULL),
(886, '2023-01-07', 0, 9, 0, NULL, NULL, NULL),
(887, '2023-01-08', 0, 18, 0, NULL, NULL, NULL),
(888, '2023-01-09', 0, 14, 0, NULL, NULL, NULL),
(889, '2023-01-10', 0, 24, 0, NULL, NULL, NULL),
(890, '2023-01-11', 0, 15, 0, NULL, NULL, NULL),
(891, '2023-01-12', 0, 10, 0, NULL, NULL, NULL),
(892, '2023-01-13', 0, 10, 0, NULL, NULL, NULL),
(893, '2023-01-14', 0, 20, 0, NULL, NULL, NULL),
(894, '2023-01-15', 0, 15, 0, NULL, NULL, NULL),
(895, '2023-01-16', 0, 10, 0, NULL, NULL, NULL),
(896, '2023-01-17', 0, 6, 0, NULL, NULL, NULL),
(897, '2023-01-18', 0, 9, 0, NULL, NULL, NULL),
(898, '2023-01-19', 0, 10, 0, NULL, NULL, NULL),
(899, '2023-01-20', 0, 14, 0, NULL, NULL, NULL),
(900, '2023-01-21', 0, 10, 0, NULL, NULL, NULL),
(901, '2023-01-22', 0, 27, 0, NULL, NULL, NULL),
(902, '2023-01-23', 0, 7, 0, NULL, NULL, NULL),
(903, '2023-01-24', 0, 12, 0, NULL, NULL, NULL),
(904, '2023-01-25', 0, 9, 0, NULL, NULL, NULL),
(905, '2023-01-26', 0, 13, 0, NULL, NULL, NULL),
(906, '2023-01-27', 0, 13, 0, NULL, NULL, NULL),
(907, '2023-01-28', 0, 34, 0, NULL, NULL, NULL),
(908, '2023-01-29', 0, 15, 0, NULL, NULL, NULL),
(909, '2023-01-30', 0, 13, 0, NULL, NULL, NULL),
(910, '2023-01-31', 0, 14, 0, NULL, NULL, NULL),
(911, '2023-02-01', 0, 29, 0, NULL, NULL, NULL),
(912, '2023-02-02', 0, 12, 0, NULL, NULL, NULL),
(913, '2023-02-03', 0, 12, 0, NULL, NULL, NULL),
(914, '2023-02-04', 0, 15, 0, NULL, NULL, NULL),
(915, '2023-02-05', 0, 12, 0, NULL, NULL, NULL),
(916, '2023-02-06', 0, 12, 0, NULL, NULL, NULL),
(917, '2023-02-07', 0, 24, 0, NULL, NULL, NULL),
(918, '2023-02-08', 0, 12, 0, NULL, NULL, NULL),
(919, '2023-02-09', 0, 16, 0, NULL, NULL, NULL),
(920, '2023-02-10', 0, 3, 0, NULL, NULL, NULL),
(921, '2023-02-11', 0, 9, 0, NULL, NULL, NULL),
(922, '2023-02-12', 0, 11, 0, NULL, NULL, NULL),
(923, '2023-02-13', 0, 11, 0, NULL, NULL, NULL),
(924, '2023-02-14', 0, 35, 0, NULL, NULL, NULL),
(925, '2023-02-15', 0, 10, 0, NULL, NULL, NULL),
(926, '2023-02-16', 0, 7, 0, NULL, NULL, NULL),
(927, '2023-02-17', 0, 16, 0, NULL, NULL, NULL),
(928, '2023-02-18', 0, 12, 0, NULL, NULL, NULL),
(929, '2023-02-19', 0, 9, 0, NULL, NULL, NULL),
(930, '2023-02-20', 0, 9, 0, NULL, NULL, NULL),
(931, '2023-02-21', 0, 24, 0, NULL, NULL, NULL),
(932, '2023-02-22', 0, 19, 0, NULL, NULL, NULL),
(933, '2023-02-23', 0, 10, 0, NULL, NULL, NULL),
(934, '2023-02-24', 0, 4, 0, NULL, NULL, NULL),
(935, '2023-02-25', 0, 8, 0, NULL, NULL, NULL),
(936, '2023-02-26', 0, 29, 0, NULL, NULL, NULL),
(937, '2023-02-27', 0, 7, 0, NULL, NULL, NULL),
(938, '2023-02-28', 0, 12, 0, NULL, NULL, NULL),
(939, '2023-03-01', 0, 8, 0, NULL, NULL, NULL),
(940, '2023-03-02', 0, 6, 0, NULL, NULL, NULL),
(941, '2023-03-03', 0, 10, 0, NULL, NULL, NULL),
(942, '2023-03-04', 0, 9, 0, NULL, NULL, NULL),
(943, '2023-03-05', 0, 16, 0, NULL, NULL, NULL),
(944, '2023-03-06', 0, 13, 0, NULL, NULL, NULL),
(945, '2023-03-07', 0, 18, 0, NULL, NULL, NULL);

-- --------------------------------------------------------

--
-- 表的结构 `blog_article`
--

CREATE TABLE `blog_article` (
  `article_id` int(10) NOT NULL,
  `article_name` varchar(255) NOT NULL,
  `article_content` text NOT NULL,
  `article_editor` tinyint(1) NOT NULL DEFAULT '0',
  `article_authors` varchar(30) NOT NULL,
  `article_input_date` datetime NOT NULL,
  `article_reading_time` int(10) NOT NULL DEFAULT '0',
  `top` tinyint(1) NOT NULL DEFAULT '0',
  `enabled` tinyint(1) NOT NULL DEFAULT '0',
  `created_time` int(11) NOT NULL,
  `created_user_id` int(10) NOT NULL,
  `updated_time` int(11) NOT NULL DEFAULT '0',
  `updated_user_id` int(10) NOT NULL DEFAULT '0'
) ENGINE=InnoDB DEFAULT CHARSET=utf8;

--
-- 转存表中的数据 `blog_article`
--

INSERT INTO `blog_article` (`article_id`, `article_name`, `article_content`, `article_editor`, `article_authors`, `article_input_date`, `article_reading_time`, `top`, `enabled`, `created_time`, `created_user_id`, `updated_time`, `updated_user_id`) VALUES
(1, '我是谁', '### 我是一盏灯\n\n### 我想知道黑夜能否将我淹没\n\n### 我听见远处的钟声，震的我慌乱\n\n### 我看见头顶的无数支持者，星星\n\n### 我要坚持这无人的夜晚，等待黎明\n\n### 我是一株草\n\n### 我假装我内心足够强大\n\n### 我感到鲜花姐姐的冷默\n\n### 我触摸蝴蝶的翅膀，不到\n\n### 我担心有一只鞋会从我身上，走过\n\n### 我哭泣不能再见到我的眼泪，露珠\n\n### 我是一直蜗牛\n\n### 我理解猎豹的勇猛\n\n### 我说那是不属于我的炫耀\n\n### 我梦想有一双翅膀\n\n### 我尝试和雄鹰比翼\n\n### 我希望我也能有一个梦想\n\n### 我是一个平凡的卑微者\n\n\n\n\n\n\n\n', 2, '有文章', '2020-07-14 00:00:00', 140, 0, 0, 0, 0, 1597048609, 5),
(28, '三字经', '<p><img style=\"display: block; margin-left: auto; margin-right: auto;\" src=\"http://stkit.cn/upload/imgs/8xKPOh.jpg\" alt=\"\" width=\"750\" height=\"399\" /></p>\n<p style=\"text-align: center;\">人之初，性本善。性相近，习相远。</p>\n<p style=\"text-align: center;\">苟不教，性乃迁。教之道，贵以专。</p>\n<p style=\"text-align: center;\">昔孟母，择邻处。子不学，断机杼。</p>\n<p style=\"text-align: center;\">窦燕山，有义方。教五子，名俱扬。</p>\n<p style=\"text-align: center;\">养不教，父之过。教不严，师之惰。</p>\n<p style=\"text-align: center;\">子不学，非所宜。幼不学，老何为。</p>\n<p style=\"text-align: center;\">玉不琢，不成器。人不学，不知义。</p>\n<p style=\"text-align: center;\">为人子，方少时。亲师友，习礼仪。</p>\n<p style=\"text-align: center;\">香九龄，能温席。孝于亲，所当执。</p>\n<p style=\"text-align: center;\">融四岁，能让梨。悌于长，宜先知。</p>\n<p style=\"text-align: center;\">首孝悌，次见闻。知某数，识某文。</p>\n<p style=\"text-align: center;\">一而十，十而百。百而千，千而万。</p>\n<p style=\"text-align: center;\">三才者，天地人。三光者，日月星。</p>\n<p style=\"text-align: center;\">三纲者，君臣义。父子亲，夫妇顺。</p>\n<p style=\"text-align: center;\">曰春夏，曰秋冬。此四时，运不穷。</p>\n<p style=\"text-align: center;\">曰南北，曰西东。此四方，应乎中。</p>\n<p style=\"text-align: center;\">曰水火，木金土。此五行，本乎数。</p>\n<p style=\"text-align: center;\">十干者，甲至癸。十二支，子至亥。</p>\n<p style=\"text-align: center;\">曰黄道，日所躔。曰赤道，当中权。</p>\n<p style=\"text-align: center;\">赤道下，温暖极。我中华，在东北。</p>\n<p style=\"text-align: center;\">寒燠均，霜露改。右高原，左大海。</p>\n<p style=\"text-align: center;\">曰江河，曰淮济。此四渎，水之纪。</p>\n<p style=\"text-align: center;\">曰岱华，嵩恒衡。此五岳，山之名。</p>\n<p style=\"text-align: center;\">古九州，今改制。称行省，三十五。</p>\n<p style=\"text-align: center;\">曰士农，曰工商。此四民，国之良。</p>\n<p style=\"text-align: center;\">曰仁义，礼智信。此五常，不容紊。</p>\n<p style=\"text-align: center;\">地所生，有草木。此植物，遍水陆。</p>\n<p style=\"text-align: center;\">有虫鱼，有鸟兽。此动物，能飞走。</p>\n<p style=\"text-align: center;\">稻粱菽，麦黍稷。此六谷，人所食。</p>\n<p style=\"text-align: center;\">马牛羊，鸡犬豕。此六畜，人所饲。</p>\n<p style=\"text-align: center;\">曰喜怒，曰哀惧。爱恶欲，七情具。</p>\n<p style=\"text-align: center;\">青赤黄，及黑白。此五色，目所识。</p>\n<p style=\"text-align: center;\">酸苦甘，及辛咸。此五味，口所含。</p>\n<p style=\"text-align: center;\">膻焦香，及腥朽。此五臭，鼻所嗅。</p>\n<p style=\"text-align: center;\">匏土革，木石金。丝与竹，乃八音。</p>\n<p style=\"text-align: center;\">曰平上，曰去入。此四声，宜调协。</p>\n<p style=\"text-align: center;\">高曾祖，父而身。身而子，子而孙。</p>\n<p style=\"text-align: center;\">自子孙，至玄曾。乃九族，人之伦。</p>\n<p style=\"text-align: center;\">父子恩，夫妇从。兄则友，弟则恭。</p>\n<p style=\"text-align: center;\">长幼序，友与朋。君则敬，臣则忠。</p>\n<p style=\"text-align: center;\">此十义，人所同。当师叙，勿违背。</p>\n<p style=\"text-align: center;\">斩齐衰，大小功。至缌麻，五服终。</p>\n<p style=\"text-align: center;\">礼乐射，御书数。古六艺，今不具。</p>\n<p style=\"text-align: center;\">惟书学，人共遵。既识字，讲说文。</p>\n<p style=\"text-align: center;\">有古文，大小篆。隶草继，不可乱。</p>\n<p style=\"text-align: center;\">若广学，惧其繁。但略说，能知原。</p>\n<p style=\"text-align: center;\">凡训蒙，须讲究。详训诂，明句读。</p>\n<p style=\"text-align: center;\">为学者，必有初。小学终，至四书。</p>\n<p style=\"text-align: center;\">论语者，二十篇。群弟子，记善言。</p>\n<p style=\"text-align: center;\">孟子者，七篇止。讲道德，说仁义。</p>\n<p style=\"text-align: center;\">作中庸，乃孔伋。中不偏，庸不易。</p>\n<p style=\"text-align: center;\">作大学，乃曾子。自修齐，至平治。</p>\n<p style=\"text-align: center;\">四书熟，孝经通。如六经，始可读。</p>\n<p style=\"text-align: center;\">诗书易，礼春秋。号六经，当讲求。</p>\n<p style=\"text-align: center;\">有连山，有归藏。有周易，三易详。</p>\n<p style=\"text-align: center;\">有典谟，有训诰。有誓命，书之奥。</p>\n<p style=\"text-align: center;\">我周公，作周礼。著六官，存治体。</p>\n<p style=\"text-align: center;\">大小戴，注礼记。述圣言，礼乐备。</p>\n<p style=\"text-align: center;\">曰国风，曰雅颂。号四诗，当讽咏。</p>\n<p style=\"text-align: center;\">诗既亡，春秋作。寓褒贬，别善恶。</p>\n<p style=\"text-align: center;\">三传者，有公羊。有左氏，有谷梁。</p>\n<p style=\"text-align: center;\">经既明，方读子。撮其要，记其事。</p>\n<p style=\"text-align: center;\">五子者，有荀扬。文中子，及老庄。</p>\n<p style=\"text-align: center;\">经子通，读诸史。考世系，知始终。</p>\n<p style=\"text-align: center;\">自羲农，至黄帝。号三皇，居上世。</p>\n<p style=\"text-align: center;\">唐有虞，号二帝。相揖逊，称盛世。</p>\n<p style=\"text-align: center;\">夏有禹，商有汤。周文武，称三王。</p>\n<p style=\"text-align: center;\">夏传子，家天下。四百载，迁夏社。</p>\n<p style=\"text-align: center;\">汤伐夏，国号商。六百载，至纣亡。</p>\n<p style=\"text-align: center;\">周武王，始诛纣。八百载，最长久。</p>\n<p style=\"text-align: center;\">周辙东，王纲坠。逞干戈，尚游说。</p>\n<p style=\"text-align: center;\">始春秋，终战国。五霸强，七雄出。</p>\n<p style=\"text-align: center;\">嬴秦氏，始兼并。传二世，楚汉争。</p>\n<p style=\"text-align: center;\">高祖兴，汉业建。至孝平，王莽篡。</p>\n<p style=\"text-align: center;\">光武兴，为东汉。四百年，终于献。</p>\n<p style=\"text-align: center;\">魏蜀吴，争汉鼎。号三国，迄两晋。</p>\n<p style=\"text-align: center;\">宋齐继，梁陈承。为南朝，都金陵。</p>\n<p style=\"text-align: center;\">北元魏，分东西。宇文周，与高齐。</p>\n<p style=\"text-align: center;\">迨至隋，一土宇。不再传，失统绪。</p>\n<p style=\"text-align: center;\">唐高祖，起义师。除隋乱，创国基。</p>\n<p style=\"text-align: center;\">二十传，三百载。梁灭之，国乃改。</p>\n<p style=\"text-align: center;\">梁唐晋，及汉周。称五代，皆有由。</p>\n<p style=\"text-align: center;\">炎宋兴，受周禅。十八传，南北混。</p>\n<p style=\"text-align: center;\">辽与金，皆称帝。元灭金，绝宋世。</p>\n<p style=\"text-align: center;\">舆图广，超前代。九十年，国祚废。</p>\n<p style=\"text-align: center;\">太祖兴，国大明。号洪武，都金陵。</p>\n<p style=\"text-align: center;\">迨成祖，迁燕京。十六世，至崇祯。</p>\n<p style=\"text-align: center;\">权阉肆，寇如林。李闯出，神器焚。</p>\n<p style=\"text-align: center;\">清世祖，膺景命。靖四方，克大定。</p>\n<p style=\"text-align: center;\">由康雍，历乾嘉。民安富，治绩夸。</p>\n<p style=\"text-align: center;\">道咸间，变乱起。始英法，扰都鄙。</p>\n<p style=\"text-align: center;\">同光后，宣统弱。传九帝，满清殁。</p>\n<p style=\"text-align: center;\">革命兴，废帝制。立宪法，建民国。</p>\n<p style=\"text-align: center;\">古今史，全在兹。载治乱，知兴衰。</p>\n<p style=\"text-align: center;\">史虽繁，读有次。史记一，汉书二。</p>\n<p style=\"text-align: center;\">后汉三，国志四。兼证经，参通鉴。</p>\n<p style=\"text-align: center;\">读史者，考实录。通古今，若亲目。</p>\n<p style=\"text-align: center;\">口而诵，心而惟。朝于斯，夕于斯。</p>\n<p style=\"text-align: center;\">昔仲尼，师项橐。古圣贤，尚勤学。</p>\n<p style=\"text-align: center;\">赵中令，读鲁论。彼既仕，学且勤。</p>\n<p style=\"text-align: center;\">披蒲编，削竹简。彼无书，且知勉。</p>\n<p style=\"text-align: center;\">头悬梁，锥刺股。彼不教，自勤苦。</p>\n<p style=\"text-align: center;\">如囊萤，如映雪。家虽贫，学不辍。</p>\n<p style=\"text-align: center;\">如负薪，如挂角。身虽劳，犹苦卓。</p>\n<p style=\"text-align: center;\">苏老泉，二十七。始发奋，读书籍。</p>\n<p style=\"text-align: center;\">彼既老，犹悔迟。尔小生，宜早思。</p>\n<p style=\"text-align: center;\">若梁灏，八十二。对大廷，魁多士。</p>\n<p style=\"text-align: center;\">彼既成，众称异。尔小生，宜立志。</p>\n<p style=\"text-align: center;\">莹八岁，能咏诗。泌七岁，能赋棋。</p>\n<p style=\"text-align: center;\">彼颖悟，人称奇。尔幼学，当效之。</p>\n<p style=\"text-align: center;\">蔡文姬，能辩琴。谢道韫，能咏吟。</p>\n<p style=\"text-align: center;\">彼女子，且聪敏。尔男子，当自警。</p>\n<p style=\"text-align: center;\">唐刘晏，方七岁。举神童，作正字。</p>\n<p style=\"text-align: center;\">彼虽幼，身已仕。有为者，亦若是。</p>\n<p style=\"text-align: center;\">犬守夜，鸡司晨。苟不学，曷为人。</p>\n<p style=\"text-align: center;\">蚕吐丝，蜂酿蜜。人不学，不如物。</p>\n<p style=\"text-align: center;\">幼而学，壮而行。上致君，下泽民。</p>\n<p style=\"text-align: center;\">扬名声，显父母。光于前，裕于后。</p>\n<p style=\"text-align: center;\">人遗子，金满赢。我教子，唯一经。</p>\n<p style=\"text-align: center;\">勤有功，戏无益。戒之哉，宜勉力。</p>', 1, '古籍', '2020-08-10 00:00:00', 369, 0, 1, 1597049537, 5, 1597051400, 5);

-- --------------------------------------------------------

--
-- 表的结构 `blog_article_tag`
--

CREATE TABLE `blog_article_tag` (
  `article_id` int(10) NOT NULL,
  `tag_id` int(10) NOT NULL
) ENGINE=MyISAM DEFAULT CHARSET=utf8;

--
-- 转存表中的数据 `blog_article_tag`
--

INSERT INTO `blog_article_tag` (`article_id`, `tag_id`) VALUES
(28, 11),
(1, 7);

-- --------------------------------------------------------

--
-- 表的结构 `blog_config`
--

CREATE TABLE `blog_config` (
  `id` int(10) NOT NULL,
  `blog_name` varchar(30) NOT NULL,
  `author_name` varchar(20) DEFAULT NULL,
  `about_page_article_id` int(10) NOT NULL DEFAULT '0',
  `record_number` varchar(20) DEFAULT NULL,
  `domain_name` varchar(20) DEFAULT NULL,
  `email_username` varchar(30) DEFAULT NULL,
  `created_time` int(11) NOT NULL,
  `created_user_id` int(10) NOT NULL,
  `updated_time` int(11) NOT NULL DEFAULT '0',
  `updated_user_id` int(10) NOT NULL DEFAULT '0'
) ENGINE=MyISAM DEFAULT CHARSET=utf8;

--
-- 转存表中的数据 `blog_config`
--

INSERT INTO `blog_config` (`id`, `blog_name`, `author_name`, `about_page_article_id`, `record_number`, `domain_name`, `email_username`, `created_time`, `created_user_id`, `updated_time`, `updated_user_id`) VALUES
(1, '微博客-合肥蔓朵', '芊忆君子', 1, '皖ICP备17010158号-2', 'skit.cn', '80825745@qq.com', 0, 0, 1595237646, 5);

-- --------------------------------------------------------

--
-- 表的结构 `blog_link`
--

CREATE TABLE `blog_link` (
  `link_id` int(10) NOT NULL,
  `link_name` varchar(30) NOT NULL,
  `link_url` varchar(30) NOT NULL,
  `remark` varchar(100) NOT NULL,
  `created_time` int(11) NOT NULL,
  `created_user_id` int(10) NOT NULL,
  `updated_time` int(11) NOT NULL,
  `updated_user_id` int(10) NOT NULL
) ENGINE=MyISAM DEFAULT CHARSET=utf8;

--
-- 转存表中的数据 `blog_link`
--

INSERT INTO `blog_link` (`link_id`, `link_name`, `link_url`, `remark`, `created_time`, `created_user_id`, `updated_time`, `updated_user_id`) VALUES
(1, '哈哈之家', 'http://hahafamily.com/', '', 1594896930, 5, 1594897070, 5);

-- --------------------------------------------------------

--
-- 表的结构 `blog_message`
--

CREATE TABLE `blog_message` (
  `message_id` int(10) NOT NULL,
  `email` varchar(30) NOT NULL,
  `name` varchar(20) NOT NULL,
  `subject` varchar(60) NOT NULL,
  `message_content` text NOT NULL,
  `message_input_date` datetime NOT NULL,
  `created_time` int(11) NOT NULL DEFAULT '0',
  `created_user_id` int(10) NOT NULL DEFAULT '0',
  `read` tinyint(1) NOT NULL DEFAULT '0',
  `replied` tinyint(1) NOT NULL DEFAULT '0',
  `reply_content` text,
  `reply_user_id` int(10) NOT NULL DEFAULT '0',
  `reply_time` int(11) NOT NULL DEFAULT '0'
) ENGINE=InnoDB DEFAULT CHARSET=utf8;

--
-- 转存表中的数据 `blog_message`
--

INSERT INTO `blog_message` (`message_id`, `email`, `name`, `subject`, `message_content`, `message_input_date`, `created_time`, `created_user_id`, `read`, `replied`, `reply_content`, `reply_user_id`, `reply_time`) VALUES
(1, 'wenyouzhang@126.com', '有文章', '真好啊', '请给我打电话', '2020-06-30 11:50:32', 1593517832, 0, 1, 1, '这个真不差', 5, 1595234578),
(3, 'asdfasf@qq.com', 'sadsaf', 'asfdsaf', 'safdasf', '2020-07-20 09:35:03', 1595237703, 0, 1, 0, '', 0, 0),
(4, 'wenyouzhang@126.com', '这是个很长很长的名字~~~~~', 'thymeleaf中th:href携带参数的三种写法thymeleaf中th:href携带参数的三种写法', '在使用thymeleaf模板引擎的时候，我们经常会用到th:href来设置标签的href属性，\n\n如何给URL渲染上参数呢？\n\n私总结了三种在th:href添加参数的写法：\n\n1，变量表达式\n又称OGNL表达式或者EL表达式，在Spring术语中也叫model attributes，差不多一个意思\n\n<a th:href=\"${\'/order.html?pageNum=\'}+${pageInfo.prePage}\"><上一页</a>\n1\n2，URL表达式+拼接字符串\n不建议写这种，很捞，可读性不强\n\n<a th:href=\"@{\'/order.html?pageNum=\'+${pageInfo.prePage}}\"><上一页</a>\n1\n3，URL表达式\n推荐写法，简单好看，可读性高。（如果是多个参数用,分隔\n\n<a th:href=\"@{/order.html(pageNum=${pageInfo.prePage})}\"><上一页</a>\n1\n\n————————————————\n版权声明：本文为CSDN博主「enkidu66」的原创文章，遵循CC 4.0 BY-SA版权协议，转载请附上原文出处链接及本声明。\n原文链接：https://blog.csdn.net/enkidu66/java/article/details/107097070', '2020-07-20 09:46:15', 1595238375, 0, 1, 0, '', 0, 0);

-- --------------------------------------------------------

--
-- 表的结构 `blog_tag`
--

CREATE TABLE `blog_tag` (
  `tag_id` int(10) NOT NULL,
  `tag_name` varchar(20) NOT NULL,
  `tag_input_date` date NOT NULL,
  `created_time` int(11) NOT NULL,
  `created_user_id` int(10) NOT NULL,
  `updated_time` int(11) NOT NULL,
  `updated_user_id` int(10) NOT NULL
) ENGINE=MyISAM DEFAULT CHARSET=utf8;

--
-- 转存表中的数据 `blog_tag`
--

INSERT INTO `blog_tag` (`tag_id`, `tag_name`, `tag_input_date`, `created_time`, `created_user_id`, `updated_time`, `updated_user_id`) VALUES
(1, '电影', '2020-06-30', 0, 0, 0, 0),
(8, '2020', '2020-07-29', 1595994705, 5, 0, 0),
(3, '古诗', '2020-07-14', 1594714459, 5, 0, 0),
(4, '写人', '2020-07-14', 1594719655, 5, 0, 0),
(5, '乐歌', '2020-07-14', 1594719655, 5, 0, 0),
(6, '咏颂', '2020-07-14', 1594719655, 5, 0, 0),
(7, '系统', '2020-07-14', 1594720817, 5, 0, 0),
(9, '成语', '2020-07-29', 1596002461, 5, 0, 0),
(10, 'test', '2020-08-07', 1596787802, 5, 0, 0),
(11, '古籍', '2020-08-10', 1597049537, 5, 0, 0);

-- --------------------------------------------------------

--
-- 表的结构 `feedback`
--

CREATE TABLE `feedback` (
  `id` int(10) NOT NULL,
  `open_id` varchar(30) NOT NULL,
  `user_id` int(10) NOT NULL,
  `content` tinytext NOT NULL,
  `created_time` int(11) NOT NULL COMMENT '反馈时间',
  `replied` tinyint(1) NOT NULL DEFAULT '0' COMMENT '0未回复，1已回复',
  `reply_content` tinytext,
  `reply_user_id` int(10) DEFAULT NULL,
  `reply_time` int(11) DEFAULT NULL
) ENGINE=InnoDB DEFAULT CHARSET=utf8;

-- --------------------------------------------------------

--
-- 表的结构 `role`
--

CREATE TABLE `role` (
  `role_id` smallint(6) NOT NULL,
  `role_name` varchar(20) NOT NULL,
  `enabled` tinyint(1) NOT NULL DEFAULT '0',
  `created_time` int(11) NOT NULL,
  `created_user_id` int(10) NOT NULL
) ENGINE=InnoDB DEFAULT CHARSET=utf8;

--
-- 转存表中的数据 `role`
--

INSERT INTO `role` (`role_id`, `role_name`, `enabled`, `created_time`, `created_user_id`) VALUES
(1, 'ROLE_USER', 1, 1593769874, 0),
(2, 'ROLE_ADMIN', 1, 1593769874, 0),
(3, 'ROLE_SYSTEMADMIN', 1, 1593769874, 0),
(4, 'ROLE_SUPERADMIN', 1, 1593769874, 0);

-- --------------------------------------------------------

--
-- 表的结构 `user`
--

CREATE TABLE `user` (
  `user_id` int(10) UNSIGNED NOT NULL,
  `user_name` char(20) DEFAULT NULL,
  `nick_name` varchar(30) DEFAULT NULL,
  `real_name` varchar(20) DEFAULT NULL,
  `wechat_nickname` varchar(30) DEFAULT NULL,
  `open_id` varchar(32) DEFAULT NULL,
  `sex` tinyint(1) NOT NULL DEFAULT '0',
  `role_id` smallint(6) NOT NULL DEFAULT '0',
  `phone` char(11) NOT NULL,
  `email` varchar(20) DEFAULT NULL,
  `user_avatar` varchar(30) DEFAULT NULL,
  `user_password` char(32) NOT NULL,
  `user_status` tinyint(1) NOT NULL DEFAULT '0' COMMENT '0未激活，1正常，2冻结，3禁止登录，4黑名单，5删除',
  `created_time` int(11) NOT NULL DEFAULT '0',
  `created_user_id` int(10) NOT NULL DEFAULT '0',
  `updated_time` int(11) NOT NULL DEFAULT '0',
  `updated_user_id` int(10) NOT NULL DEFAULT '0'
) ENGINE=InnoDB DEFAULT CHARSET=utf8;

--
-- 转存表中的数据 `user`
--

INSERT INTO `user` (`user_id`, `user_name`, `nick_name`, `real_name`, `wechat_nickname`, `open_id`, `sex`, `role_id`, `phone`, `email`, `user_avatar`, `user_password`, `user_status`, `created_time`, `created_user_id`, `updated_time`, `updated_user_id`) VALUES
(3, 'youwenzhang', '有文章', '', NULL, NULL, 1, 0, '18919605137', NULL, 'upload/avatar/a_5_3_D577.jpg', '34FC8B6EB5C5CB4694AF86DABD728FF7', 3, 1592641523, 0, 1595409272, 5),
(5, 'admin', '超级管理员', '', NULL, NULL, 0, 0, '17333298805', '80825745@qq.com', 'upload/avatar/a_5_5_mj0b.jpg', 'EF31641E5AEE0210B5B7EDD8BC8F9FA2', 1, 0, 0, 1595409218, 5),
(6, 'zhangwenyou', '', '', NULL, NULL, 0, 0, '13339078857', NULL, 'upload/avatar/a_5_0_7uni.jpg', 'F4C1BADB4B61CEDF3C3BA4E0B7FBA5EE', 0, 1595409340, 5, 0, 0),
(10, '', '123456aA', '', '', '', 0, 1, '17777777777', NULL, NULL, 'C002198A447836FF318113906BEE330E', 1, 1622217622, 0, 0, 0);

-- --------------------------------------------------------

--
-- 表的结构 `user_role`
--

CREATE TABLE `user_role` (
  `user_id` int(10) NOT NULL,
  `role_id` int(10) NOT NULL
) ENGINE=InnoDB DEFAULT CHARSET=utf8;

--
-- 转存表中的数据 `user_role`
--

INSERT INTO `user_role` (`user_id`, `role_id`) VALUES
(5, 1),
(5, 2),
(5, 3),
(5, 4),
(3, 1),
(6, 4);

-- --------------------------------------------------------

--
-- 表的结构 `wechat_user`
--

CREATE TABLE `wechat_user` (
  `open_id` varchar(30) NOT NULL,
  `nickname` varchar(30) DEFAULT NULL,
  `sex` tinyint(1) DEFAULT NULL,
  `province` varchar(30) DEFAULT NULL,
  `city` varchar(30) DEFAULT NULL,
  `country` varchar(30) DEFAULT NULL,
  `headimgurl` varchar(256) DEFAULT NULL,
  `user_id` int(10) NOT NULL,
  `created_time` int(11) DEFAULT NULL,
  `created_user_id` int(10) DEFAULT NULL,
  `updated_time` int(11) DEFAULT NULL,
  `updated_user_id` int(10) DEFAULT NULL
) ENGINE=InnoDB DEFAULT CHARSET=utf8;

--
-- 转储表的索引
--

--
-- 表的索引 `blog_access`
--
ALTER TABLE `blog_access`
  ADD PRIMARY KEY (`id`),
  ADD KEY `access_date` (`access_date`);

--
-- 表的索引 `blog_article`
--
ALTER TABLE `blog_article`
  ADD PRIMARY KEY (`article_id`),
  ADD KEY `article_name` (`article_name`),
  ADD KEY `article_authors` (`article_authors`);

--
-- 表的索引 `blog_config`
--
ALTER TABLE `blog_config`
  ADD PRIMARY KEY (`id`);

--
-- 表的索引 `blog_link`
--
ALTER TABLE `blog_link`
  ADD PRIMARY KEY (`link_id`);

--
-- 表的索引 `blog_message`
--
ALTER TABLE `blog_message`
  ADD PRIMARY KEY (`message_id`),
  ADD KEY `reply_user_id` (`reply_user_id`),
  ADD KEY `is_reply` (`replied`),
  ADD KEY `is_read` (`read`);

--
-- 表的索引 `blog_tag`
--
ALTER TABLE `blog_tag`
  ADD PRIMARY KEY (`tag_id`);

--
-- 表的索引 `feedback`
--
ALTER TABLE `feedback`
  ADD PRIMARY KEY (`id`),
  ADD KEY `open_id` (`open_id`),
  ADD KEY `user_id` (`user_id`);

--
-- 表的索引 `role`
--
ALTER TABLE `role`
  ADD PRIMARY KEY (`role_id`),
  ADD UNIQUE KEY `role_name` (`role_name`);

--
-- 表的索引 `user`
--
ALTER TABLE `user`
  ADD PRIMARY KEY (`user_id`),
  ADD UNIQUE KEY `phone` (`phone`),
  ADD UNIQUE KEY `user_name` (`user_name`),
  ADD UNIQUE KEY `open_id` (`open_id`),
  ADD KEY `role_id` (`role_id`),
  ADD KEY `user_status` (`user_status`);

--
-- 表的索引 `wechat_user`
--
ALTER TABLE `wechat_user`
  ADD PRIMARY KEY (`open_id`),
  ADD UNIQUE KEY `user_id` (`user_id`);

--
-- 在导出的表使用AUTO_INCREMENT
--

--
-- 使用表AUTO_INCREMENT `blog_access`
--
ALTER TABLE `blog_access`
  MODIFY `id` int(10) NOT NULL AUTO_INCREMENT, AUTO_INCREMENT=946;

--
-- 使用表AUTO_INCREMENT `blog_article`
--
ALTER TABLE `blog_article`
  MODIFY `article_id` int(10) NOT NULL AUTO_INCREMENT, AUTO_INCREMENT=29;

--
-- 使用表AUTO_INCREMENT `blog_config`
--
ALTER TABLE `blog_config`
  MODIFY `id` int(10) NOT NULL AUTO_INCREMENT, AUTO_INCREMENT=2;

--
-- 使用表AUTO_INCREMENT `blog_link`
--
ALTER TABLE `blog_link`
  MODIFY `link_id` int(10) NOT NULL AUTO_INCREMENT, AUTO_INCREMENT=3;

--
-- 使用表AUTO_INCREMENT `blog_message`
--
ALTER TABLE `blog_message`
  MODIFY `message_id` int(10) NOT NULL AUTO_INCREMENT, AUTO_INCREMENT=5;

--
-- 使用表AUTO_INCREMENT `blog_tag`
--
ALTER TABLE `blog_tag`
  MODIFY `tag_id` int(10) NOT NULL AUTO_INCREMENT, AUTO_INCREMENT=12;

--
-- 使用表AUTO_INCREMENT `feedback`
--
ALTER TABLE `feedback`
  MODIFY `id` int(10) NOT NULL AUTO_INCREMENT;

--
-- 使用表AUTO_INCREMENT `role`
--
ALTER TABLE `role`
  MODIFY `role_id` smallint(6) NOT NULL AUTO_INCREMENT, AUTO_INCREMENT=5;

--
-- 使用表AUTO_INCREMENT `user`
--
ALTER TABLE `user`
  MODIFY `user_id` int(10) UNSIGNED NOT NULL AUTO_INCREMENT, AUTO_INCREMENT=12;
COMMIT;

/*!40101 SET CHARACTER_SET_CLIENT=@OLD_CHARACTER_SET_CLIENT */;
/*!40101 SET CHARACTER_SET_RESULTS=@OLD_CHARACTER_SET_RESULTS */;
/*!40101 SET COLLATION_CONNECTION=@OLD_COLLATION_CONNECTION */;
